时间,,在水一方C区低压出口_10k压力量产一批0030#压力值(KPa)
2026/1/16,23:50:30,2.75
2026/1/16,23:40:29,2.84
2026/1/16,23:30:28,2.71
2026/1/16,23:20:27,2.81
2026/1/16,23:10:26,2.8
2026/1/16,23:00:25,2.76
2026/1/16,22:50:24,2.71
2026/1/16,22:40:23,2.79
2026/1/16,22:30:22,2.76
2026/1/16,22:20:21,2.7
2026/1/16,22:10:20,2.67
2026/1/16,22:00:19,2.58
2026/1/16,21:50:18,2.7
2026/1/16,21:40:17,2.67
2026/1/16,21:30:16,2.62
2026/1/16,21:20:15,2.63
2026/1/16,21:10:14,2.59
2026/1/16,21:00:13,2.57
2026/1/16,20:50:12,2.56
2026/1/16,20:40:11,2.67
2026/1/16,20:30:10,2.58
2026/1/16,20:20:09,2.63
2026/1/16,20:10:08,2.56
2026/1/16,20:00:07,2.6
2026/1/16,19:50:06,2.53
2026/1/16,19:40:05,2.5
2026/1/16,19:30:04,2.54
2026/1/16,19:20:03,2.49
2026/1/16,19:11:02,2.47
2026/1/16,19:01:01,2.41
2026/1/16,18:51:00,2.45
2026/1/16,18:40:59,2.44
2026/1/16,18:30:58,2.36
2026/1/16,18:20:57,2.44
2026/1/16,18:10:56,2.44
2026/1/16,18:00:55,2.4
2026/1/16,17:50:54,2.44
2026/1/16,17:40:53,2.42
2026/1/16,17:30:52,2.39
2026/1/16,17:20:51,2.44
2026/1/16,17:10:50,2.45
2026/1/16,17:00:49,2.42
2026/1/16,16:50:48,2.47
2026/1/16,16:40:47,2.49
2026/1/16,16:30:46,2.45
2026/1/16,16:20:45,2.53
2026/1/16,16:10:44,2.51
2026/1/16,16:00:43,2.57
2026/1/16,15:50:42,2.61
2026/1/16,15:40:41,2.53
2026/1/16,15:30:40,2.6
2026/1/16,15:20:39,2.6
2026/1/16,15:10:38,2.62
2026/1/16,15:00:37,2.66
2026/1/16,14:50:36,2.62
2026/1/16,14:40:35,2.65
2026/1/16,14:30:34,2.67
2026/1/16,14:20:33,2.63
2026/1/16,14:10:32,2.57
2026/1/16,14:00:31,2.58
2026/1/16,13:50:30,2.58
2026/1/16,13:40:29,2.63
2026/1/16,13:30:28,2.66
2026/1/16,13:20:27,2.53
2026/1/16,13:10:26,2.53
2026/1/16,13:00:25,2.58
2026/1/16,12:50:24,2.5
2026/1/16,12:40:23,2.41
2026/1/16,12:30:22,2.41
2026/1/16,12:20:21,2.45
2026/1/16,12:10:20,2.44
2026/1/16,12:00:19,2.43
2026/1/16,11:50:18,2.4
2026/1/16,11:40:17,2.4
2026/1/16,11:30:16,2.39
2026/1/16,11:20:15,2.42
2026/1/16,11:10:14,2.39
2026/1/16,11:00:13,2.41
2026/1/16,10:50:12,2.41
2026/1/16,10:40:11,2.45
2026/1/16,10:30:10,2.44
2026/1/16,10:20:09,2.47
2026/1/16,10:10:08,2.53
2026/1/16,10:00:07,2.53
2026/1/16,9:50:06,2.49
2026/1/16,9:40:05,2.49
2026/1/16,9:30:04,2.58
2026/1/16,9:20:03,2.57
2026/1/16,9:11:02,2.5
2026/1/16,9:01:01,2.54
2026/1/16,8:51:00,2.56
2026/1/16,8:40:59,2.46
2026/1/16,8:30:58,2.42
2026/1/16,8:20:57,2.52
2026/1/16,8:10:56,2.42
2026/1/16,8:00:55,2.48
2026/1/16,7:50:54,2.49
2026/1/16,7:40:53,2.47
2026/1/16,7:30:52,2.45
2026/1/16,7:20:51,2.45
2026/1/16,7:10:50,2.42
2026/1/16,7:00:49,2.46
2026/1/16,6:50:48,2.42
2026/1/16,6:40:47,2.44
2026/1/16,6:30:46,2.44
2026/1/16,6:20:45,2.44
2026/1/16,6:10:44,2.48
2026/1/16,6:00:43,2.6
2026/1/16,5:50:42,2.61
2026/1/16,5:40:41,2.7
2026/1/16,5:30:40,2.7
2026/1/16,5:20:39,2.8
2026/1/16,5:10:38,2.74
2026/1/16,5:00:37,2.82
2026/1/16,4:50:36,2.86
2026/1/16,4:40:35,2.82
2026/1/16,4:30:34,2.87
2026/1/16,4:20:33,2.82
2026/1/16,4:10:32,2.83
2026/1/16,4:00:32,2.91
2026/1/16,4:00:31,2.91
2026/1/16,3:50:30,2.8
2026/1/16,3:40:29,2.84
2026/1/16,3:30:29,2.89
2026/1/16,3:30:28,2.89
2026/1/16,3:20:28,2.97
2026/1/16,3:20:27,2.97
2026/1/16,3:10:26,2.9
2026/1/16,3:00:25,2.88
2026/1/16,2:50:24,2.86
2026/1/16,2:40:23,2.79
2026/1/16,2:30:22,2.8
2026/1/16,2:20:21,2.77
2026/1/16,2:10:20,2.83
2026/1/16,2:00:19,2.85
2026/1/16,1:50:18,2.89
2026/1/16,1:40:17,2.88
2026/1/16,1:30:17,2.87
2026/1/16,1:30:16,2.87
2026/1/16,1:20:16,2.91
2026/1/16,1:20:15,2.91
2026/1/16,1:10:14,2.76
2026/1/16,1:00:13,2.85
2026/1/16,0:50:12,2.87
2026/1/16,0:40:11,2.87
2026/1/16,0:30:10,2.86
2026/1/16,0:20:09,2.89
2026/1/16,0:10:08,2.89
2026/1/16,0:00:07,2.84
2026/1/15,23:50:06,2.73
2026/1/15,23:40:05,2.84
2026/1/15,23:30:04,2.72
2026/1/15,23:20:03,2.83
2026/1/15,23:11:02,2.78
2026/1/15,23:01:01,2.71
2026/1/15,22:51:00,2.77
2026/1/15,22:40:59,2.6
2026/1/15,22:30:58,2.68
2026/1/15,22:20:57,2.69
2026/1/15,22:10:56,2.73
2026/1/15,22:00:55,2.73
2026/1/15,21:50:54,2.68
2026/1/15,21:40:53,2.68
2026/1/15,21:30:52,2.71
2026/1/15,21:20:51,2.64
2026/1/15,21:10:50,2.67
2026/1/15,21:00:49,2.61
2026/1/15,20:50:48,2.58
2026/1/15,20:40:47,2.59
2026/1/15,20:30:46,2.54
2026/1/15,20:20:45,2.58
2026/1/15,20:10:44,2.56
2026/1/15,20:00:43,2.58
2026/1/15,19:50:42,2.55
2026/1/15,19:40:41,2.48
2026/1/15,19:30:40,2.49
2026/1/15,19:20:39,2.51
2026/1/15,19:10:38,2.5
2026/1/15,19:00:37,2.44
2026/1/15,18:50:36,2.45
2026/1/15,18:40:35,2.4
2026/1/15,18:30:34,2.4
2026/1/15,18:20:33,2.39
2026/1/15,18:10:32,2.4
2026/1/15,18:00:31,2.37
2026/1/15,17:50:30,2.37
2026/1/15,17:40:29,2.41
2026/1/15,17:30:28,2.41
2026/1/15,17:20:27,2.42
2026/1/15,17:10:26,2.4
2026/1/15,17:00:25,2.4
2026/1/15,16:50:24,2.41
2026/1/15,16:40:23,2.45
2026/1/15,16:30:22,2.43
2026/1/15,16:20:21,2.53
2026/1/15,16:10:20,2.46
2026/1/15,16:00:19,2.55
2026/1/15,15:50:18,2.53
2026/1/15,15:40:17,2.47
2026/1/15,15:30:16,2.54
2026/1/15,15:20:15,2.59
2026/1/15,15:10:14,2.49
2026/1/15,15:00:13,2.6
2026/1/15,14:50:12,2.61
2026/1/15,14:40:11,2.57
2026/1/15,14:30:10,2.54
2026/1/15,14:20:09,2.57
2026/1/15,14:10:08,2.63
2026/1/15,14:00:07,2.61
2026/1/15,13:50:06,2.61
2026/1/15,13:40:05,2.65
2026/1/15,13:30:04,2.59
2026/1/15,13:20:03,2.56
2026/1/15,13:11:02,2.56
2026/1/15,13:01:01,2.63
2026/1/15,12:51:00,2.51
2026/1/15,12:40:59,2.48
2026/1/15,12:30:58,2.42
2026/1/15,12:20:57,2.44
2026/1/15,12:10:56,2.43
2026/1/15,12:00:55,2.41
2026/1/15,11:50:54,2.41
2026/1/15,11:40:53,2.37
2026/1/15,11:30:52,2.41
2026/1/15,11:20:51,2.43
2026/1/15,11:10:50,2.39
2026/1/15,11:00:49,2.42
2026/1/15,10:50:48,2.42
2026/1/15,10:40:47,2.41
2026/1/15,10:30:46,2.4
2026/1/15,10:20:45,2.44
2026/1/15,10:10:44,2.47
2026/1/15,10:00:43,2.44
2026/1/15,9:50:42,2.55
2026/1/15,9:40:41,2.55
2026/1/15,9:30:40,2.46
2026/1/15,9:20:39,2.54
2026/1/15,9:10:38,2.55
2026/1/15,9:00:37,2.54
2026/1/15,8:50:36,2.56
2026/1/15,8:40:35,2.54
2026/1/15,8:30:34,2.49
2026/1/15,8:20:33,2.44
2026/1/15,8:10:32,2.43
2026/1/15,8:00:31,2.41
2026/1/15,7:50:30,2.46
2026/1/15,7:40:29,2.45
2026/1/15,7:30:28,2.41
2026/1/15,7:20:27,2.41
2026/1/15,7:10:26,2.48
2026/1/15,7:00:25,2.45
2026/1/15,6:50:24,2.45
2026/1/15,6:40:23,2.43
2026/1/15,6:30:22,2.45
2026/1/15,6:20:21,2.43
2026/1/15,6:10:20,2.42
2026/1/15,6:00:19,2.52
2026/1/15,5:50:18,2.51
2026/1/15,5:40:17,2.54
2026/1/15,5:30:16,2.69
2026/1/15,5:20:15,2.77
2026/1/15,5:10:14,2.71
2026/1/15,5:00:14,2.82
2026/1/15,5:00:13,2.82
2026/1/15,4:50:13,2.91
2026/1/15,4:50:12,2.91
2026/1/15,4:40:11,2.8
2026/1/15,4:30:10,2.7
2026/1/15,4:20:09,2.7
2026/1/15,4:10:08,2.74
2026/1/15,4:00:07,2.87
2026/1/15,3:50:06,2.82
2026/1/15,3:40:05,2.86
2026/1/15,3:30:04,2.86
2026/1/15,3:20:03,2.87
2026/1/15,3:11:02,2.83
2026/1/15,3:01:02,2.8
2026/1/15,3:01:01,2.8
2026/1/15,2:51:01,2.93
2026/1/15,2:51:00,2.93
2026/1/15,2:41:00,2.92
2026/1/15,2:40:59,2.92
2026/1/15,2:30:59,2.95
2026/1/15,2:30:58,2.95
2026/1/15,2:20:58,2.97
2026/1/15,2:20:57,2.97
2026/1/15,2:10:57,2.97
2026/1/15,2:10:56,2.97
2026/1/15,2:00:56,2.97
2026/1/15,2:00:55,2.97
2026/1/15,1:50:55,2.97
2026/1/15,1:50:54,2.97
2026/1/15,1:40:53,2.87
2026/1/15,1:30:52,2.88
2026/1/15,1:20:52,2.9
2026/1/15,1:20:51,2.9
2026/1/15,1:10:51,2.91
2026/1/15,1:10:50,2.91
2026/1/15,1:00:50,2.91
2026/1/15,1:00:49,2.91
2026/1/15,0:50:49,2.88
2026/1/15,0:50:48,2.88
2026/1/15,0:40:48,2.97
2026/1/15,0:40:47,2.97
2026/1/15,0:30:47,2.95
2026/1/15,0:30:46,2.95
2026/1/15,0:20:45,2.82
2026/1/15,0:10:44,2.82
2026/1/15,0:00:44,2.91
2026/1/15,0:00:43,2.91
2026/1/14,23:50:42,2.78
2026/1/14,23:40:41,2.76
2026/1/14,23:30:40,2.8
2026/1/14,23:20:39,2.78
2026/1/14,23:10:38,2.75
2026/1/14,23:00:37,2.74
2026/1/14,22:50:36,2.71
2026/1/14,22:40:35,2.69
2026/1/14,22:30:34,2.65
2026/1/14,22:20:33,2.66
2026/1/14,22:10:32,2.57
2026/1/14,22:00:31,2.72
2026/1/14,21:50:30,2.78
2026/1/14,21:40:29,2.59
2026/1/14,21:30:28,2.61
2026/1/14,21:20:27,2.72
2026/1/14,21:10:26,2.58
2026/1/14,21:00:25,2.54
2026/1/14,20:50:24,2.55
2026/1/14,20:40:23,2.58
2026/1/14,20:30:22,2.56
2026/1/14,20:20:21,2.57
2026/1/14,20:10:20,2.53
2026/1/14,20:00:19,2.53
2026/1/14,19:50:18,2.47
2026/1/14,19:40:17,2.5
2026/1/14,19:30:17,2.5
2026/1/14,19:20:16,2.5
2026/1/14,19:10:15,2.45
2026/1/14,19:00:14,2.43
2026/1/14,18:50:13,2.45
2026/1/14,18:40:12,2.41
2026/1/14,18:30:11,2.4
2026/1/14,18:20:10,2.4
2026/1/14,18:10:09,2.41
2026/1/14,18:00:08,2.41
2026/1/14,17:50:07,2.37
2026/1/14,17:40:06,2.4
2026/1/14,17:30:05,2.4
2026/1/14,17:20:04,2.39
2026/1/14,17:11:03,2.44
2026/1/14,17:01:02,2.42
2026/1/14,16:51:01,2.43
2026/1/14,16:41:00,2.5
2026/1/14,16:30:59,2.4
2026/1/14,16:20:58,2.49
2026/1/14,16:10:57,2.41
2026/1/14,16:00:56,2.47
2026/1/14,15:50:55,2.58
2026/1/14,15:40:54,2.53
2026/1/14,15:30:53,2.61
2026/1/14,15:20:52,2.52
2026/1/14,15:10:51,2.59
2026/1/14,15:00:50,2.65
2026/1/14,14:50:49,2.56
2026/1/14,14:40:48,2.66
2026/1/14,14:30:47,2.63
2026/1/14,14:20:46,2.66
2026/1/14,14:10:45,2.64
2026/1/14,14:00:44,2.77
2026/1/14,13:50:43,2.69
2026/1/14,13:40:42,2.65
2026/1/14,13:30:41,2.62
2026/1/14,13:20:40,2.57
2026/1/14,13:10:39,2.56
2026/1/14,13:00:38,2.51
2026/1/14,12:50:37,2.52
2026/1/14,12:40:36,2.48
2026/1/14,12:30:35,2.45
2026/1/14,12:20:34,2.42
2026/1/14,12:10:33,2.41
2026/1/14,12:00:32,2.42
2026/1/14,11:50:31,2.38
2026/1/14,11:40:30,2.38
2026/1/14,11:30:29,2.39
2026/1/14,11:20:28,2.39
2026/1/14,11:10:27,2.38
2026/1/14,11:00:26,2.4
2026/1/14,10:50:25,2.45
2026/1/14,10:40:24,2.44
2026/1/14,10:30:23,2.43
2026/1/14,10:20:22,2.41
2026/1/14,10:10:21,2.43
2026/1/14,10:00:20,2.44
2026/1/14,9:50:19,2.44
2026/1/14,9:40:18,2.51
2026/1/14,9:30:17,2.5
2026/1/14,9:20:16,2.45
2026/1/14,9:10:15,2.46
2026/1/14,9:00:14,2.48
2026/1/14,8:50:13,2.49
2026/1/14,8:40:12,2.44
2026/1/14,8:30:11,2.5
2026/1/14,8:20:10,2.47
2026/1/14,8:10:09,2.46
2026/1/14,8:00:08,2.45
2026/1/14,7:50:07,2.44
2026/1/14,7:40:06,2.44
2026/1/14,7:30:05,2.45
2026/1/14,7:20:04,2.45
2026/1/14,7:11:03,2.45
2026/1/14,7:01:02,2.42
2026/1/14,6:51:01,2.42
2026/1/14,6:41:00,2.46
2026/1/14,6:30:59,2.45
2026/1/14,6:20:58,2.41
2026/1/14,6:10:57,2.44
2026/1/14,6:00:56,2.56
2026/1/14,5:50:55,2.6
2026/1/14,5:40:54,2.62
2026/1/14,5:30:53,2.74
2026/1/14,5:20:52,2.7
2026/1/14,5:10:51,2.76
2026/1/14,5:00:51,2.9
2026/1/14,5:00:50,2.9
2026/1/14,4:50:50,2.98
2026/1/14,4:50:49,2.98
2026/1/14,4:40:49,2.93
2026/1/14,4:40:48,2.93
2026/1/14,4:30:48,2.9
2026/1/14,4:30:47,2.9
2026/1/14,4:20:47,2.91
2026/1/14,4:20:46,2.91
2026/1/14,4:10:45,2.84
2026/1/14,4:00:45,2.74
2026/1/14,4:00:44,2.74
2026/1/14,3:50:44,2.95
2026/1/14,3:50:43,2.95
2026/1/14,3:40:43,2.94
2026/1/14,3:40:42,2.94
2026/1/14,3:30:42,2.92
2026/1/14,3:30:41,2.92
2026/1/14,3:20:41,2.94
2026/1/14,3:20:40,2.94
2026/1/14,3:10:40,2.96
2026/1/14,3:10:39,2.96
2026/1/14,3:00:39,2.95
2026/1/14,3:00:38,2.95
2026/1/14,2:50:37,2.85
2026/1/14,2:40:36,2.8
2026/1/14,2:30:35,2.81
2026/1/14,2:20:35,2.87
2026/1/14,2:20:34,2.87
2026/1/14,2:10:34,2.94
2026/1/14,2:10:33,2.94
2026/1/14,2:00:33,2.92
2026/1/14,2:00:32,2.92
2026/1/14,1:50:32,2.88
2026/1/14,1:50:31,2.88
2026/1/14,1:40:31,2.91
2026/1/14,1:40:30,2.91
2026/1/14,1:30:30,2.88
2026/1/14,1:30:29,2.88
2026/1/14,1:20:29,2.91
2026/1/14,1:20:28,2.91
2026/1/14,1:10:28,2.99
2026/1/14,1:10:27,2.99
2026/1/14,1:00:27,2.92
2026/1/14,1:00:26,2.92
2026/1/14,0:50:26,2.87
2026/1/14,0:50:25,2.87
2026/1/14,0:40:25,2.93
2026/1/14,0:40:24,2.93
2026/1/14,0:30:24,2.76
2026/1/14,0:30:23,2.76
2026/1/14,0:20:23,2.96
2026/1/14,0:20:22,2.96
2026/1/14,0:10:21,2.89
2026/1/14,0:00:20,2.9
2026/1/13,23:50:19,2.81
2026/1/13,23:40:18,2.8
2026/1/13,23:30:17,2.69
2026/1/13,23:20:16,2.77
2026/1/13,23:10:15,2.64
2026/1/13,23:00:14,2.79
2026/1/13,22:50:13,2.78
2026/1/13,22:40:12,2.78
2026/1/13,22:30:11,2.79
2026/1/13,22:20:10,2.73
2026/1/13,22:10:09,2.77
2026/1/13,22:00:08,2.63
2026/1/13,21:50:07,2.65
2026/1/13,21:40:06,2.75
2026/1/13,21:30:05,2.73
2026/1/13,21:20:04,2.68
2026/1/13,21:11:03,2.65
2026/1/13,21:01:02,2.54
2026/1/13,20:51:01,2.57
2026/1/13,20:41:00,2.61
2026/1/13,20:30:59,2.58
2026/1/13,20:20:58,2.61
2026/1/13,20:10:57,2.57
2026/1/13,20:00:56,2.64
2026/1/13,19:50:55,2.59
2026/1/13,19:40:54,2.53
2026/1/13,19:30:53,2.45
2026/1/13,19:20:52,2.49
2026/1/13,19:10:51,2.52
2026/1/13,19:00:50,2.44
2026/1/13,18:50:49,2.47
2026/1/13,18:40:48,2.44
2026/1/13,18:30:47,2.41
2026/1/13,18:20:46,2.42
2026/1/13,18:10:45,2.41
2026/1/13,18:00:44,2.43
2026/1/13,17:50:43,2.42
2026/1/13,17:40:42,2.39
2026/1/13,17:30:41,2.43
2026/1/13,17:20:40,2.42
2026/1/13,17:10:39,2.41
2026/1/13,17:00:38,2.45
2026/1/13,16:50:37,2.41
2026/1/13,16:40:36,2.37
2026/1/13,16:30:35,2.44
2026/1/13,16:20:34,2.5
2026/1/13,16:10:33,2.5
2026/1/13,16:00:32,2.6
2026/1/13,15:50:31,2.55
2026/1/13,15:40:30,2.61
2026/1/13,15:30:29,2.67
2026/1/13,15:20:28,2.61
2026/1/13,15:10:27,2.56
2026/1/13,15:00:26,2.65
2026/1/13,14:50:25,2.63
2026/1/13,14:40:24,2.64
2026/1/13,14:30:23,2.61
2026/1/13,14:20:22,2.58
2026/1/13,14:10:21,2.63
2026/1/13,14:00:20,2.59
2026/1/13,13:50:19,2.64
2026/1/13,13:40:18,2.63
2026/1/13,13:30:17,2.53
2026/1/13,13:20:16,2.62
2026/1/13,13:10:15,2.51
2026/1/13,13:00:14,2.55
2026/1/13,12:50:13,2.49
2026/1/13,12:40:12,2.51
2026/1/13,12:30:11,2.44
2026/1/13,12:20:10,2.44
2026/1/13,12:10:09,2.44
2026/1/13,12:00:08,2.4
2026/1/13,11:50:07,2.4
2026/1/13,11:40:06,2.37
2026/1/13,11:30:05,2.41
2026/1/13,11:20:04,2.49
2026/1/13,11:11:03,2.42
2026/1/13,11:01:02,2.43
2026/1/13,10:51:01,2.43
2026/1/13,10:41:00,2.48
2026/1/13,10:30:59,2.47
2026/1/13,10:20:58,2.45
2026/1/13,10:10:57,2.48
2026/1/13,10:00:56,2.45
2026/1/13,9:50:55,2.52
2026/1/13,9:40:54,2.45
2026/1/13,9:30:53,2.48
2026/1/13,9:20:52,2.43
2026/1/13,9:10:51,2.45
2026/1/13,9:00:50,2.5
2026/1/13,8:50:49,2.42
2026/1/13,8:40:48,2.43
2026/1/13,8:30:47,2.47
2026/1/13,8:20:46,2.48
2026/1/13,8:10:45,2.48
2026/1/13,8:00:44,2.42
2026/1/13,7:50:43,2.44
2026/1/13,7:40:42,2.45
2026/1/13,7:30:41,2.44
2026/1/13,7:20:40,2.39
2026/1/13,7:10:39,2.45
2026/1/13,7:00:38,2.44
2026/1/13,6:50:37,2.41
2026/1/13,6:40:36,2.43
2026/1/13,6:30:35,2.47
2026/1/13,6:20:34,2.41
2026/1/13,6:10:33,2.46
2026/1/13,6:00:32,2.53
2026/1/13,5:50:31,2.59
2026/1/13,5:40:30,2.56
2026/1/13,5:30:29,2.65
2026/1/13,5:20:28,2.74
2026/1/13,5:10:27,2.73
2026/1/13,5:00:26,2.8
2026/1/13,4:50:25,2.82
2026/1/13,4:40:24,2.82
2026/1/13,4:30:23,2.73
2026/1/13,4:20:22,2.88
2026/1/13,4:10:21,2.75
2026/1/13,4:00:21,2.88
2026/1/13,4:00:20,2.88
2026/1/13,3:50:20,2.92
2026/1/13,3:50:19,2.92
2026/1/13,3:40:19,2.9
2026/1/13,3:40:18,2.9
2026/1/13,3:30:18,2.93
2026/1/13,3:30:17,2.93
2026/1/13,3:20:17,2.95
2026/1/13,3:20:16,2.95
2026/1/13,3:10:15,2.84
2026/1/13,3:00:15,2.85
2026/1/13,3:00:14,2.85
2026/1/13,2:50:14,2.95
2026/1/13,2:50:13,2.95
2026/1/13,2:40:13,2.85
2026/1/13,2:40:12,2.85
2026/1/13,2:30:12,2.96
2026/1/13,2:30:11,2.96
2026/1/13,2:20:11,2.97
2026/1/13,2:20:10,2.97
2026/1/13,2:10:10,2.97
2026/1/13,2:10:09,2.97
2026/1/13,2:00:09,2.98
2026/1/13,2:00:08,2.98
2026/1/13,1:50:08,2.98
2026/1/13,1:50:07,2.98
2026/1/13,1:40:06,2.83
2026/1/13,1:30:06,2.81
2026/1/13,1:30:05,2.81
2026/1/13,1:20:05,2.96
2026/1/13,1:20:04,2.96
2026/1/13,1:11:03,2.89
2026/1/13,1:01:03,2.83
2026/1/13,1:01:02,2.83
2026/1/13,0:51:02,2.95
2026/1/13,0:51:01,2.95
2026/1/13,0:41:00,2.82
2026/1/13,0:30:59,2.86
2026/1/13,0:20:58,2.89
2026/1/13,0:10:57,2.84
2026/1/13,0:00:56,2.82
2026/1/12,23:50:55,2.84
2026/1/12,23:40:54,2.76
2026/1/12,23:30:53,2.76
2026/1/12,23:20:52,2.78
2026/1/12,23:10:51,2.76
2026/1/12,23:00:50,2.73
2026/1/12,22:50:49,2.87
2026/1/12,22:40:48,2.74
2026/1/12,22:30:47,2.82
2026/1/12,22:20:46,2.77
2026/1/12,22:10:45,2.66
2026/1/12,22:00:44,2.77
2026/1/12,21:50:43,2.6
2026/1/12,21:40:42,2.76
2026/1/12,21:30:41,2.71
2026/1/12,21:20:40,2.59
2026/1/12,21:10:39,2.59
2026/1/12,21:00:38,2.57
2026/1/12,20:50:37,2.63
2026/1/12,20:40:36,2.6
2026/1/12,20:30:35,2.64
2026/1/12,20:20:34,2.67
2026/1/12,20:10:33,2.59
2026/1/12,20:00:32,2.55
2026/1/12,19:50:31,2.55
2026/1/12,19:40:30,2.51
2026/1/12,19:30:29,2.45
2026/1/12,19:20:28,2.51
2026/1/12,19:10:27,2.45
2026/1/12,19:00:26,2.41
2026/1/12,18:50:25,2.4
2026/1/12,18:40:24,2.46
2026/1/12,18:30:23,2.45
2026/1/12,18:20:22,2.41
2026/1/12,18:10:21,2.4
2026/1/12,18:00:20,2.39
2026/1/12,17:50:19,2.42
2026/1/12,17:40:18,2.41
2026/1/12,17:30:17,2.42
2026/1/12,17:20:16,2.39
2026/1/12,17:10:15,2.39
2026/1/12,17:00:14,2.43
2026/1/12,16:50:13,2.41
2026/1/12,16:40:12,2.44
2026/1/12,16:30:11,2.4
2026/1/12,16:20:10,2.47
2026/1/12,16:10:09,2.45
2026/1/12,16:00:08,2.56
2026/1/12,15:50:07,2.56
2026/1/12,15:40:06,2.54
2026/1/12,15:30:05,2.62
2026/1/12,15:20:04,2.58
2026/1/12,15:11:03,2.62
2026/1/12,15:01:02,2.64
2026/1/12,14:51:01,2.66
2026/1/12,14:41:00,2.63
2026/1/12,14:30:59,2.67
2026/1/12,14:20:58,2.61
2026/1/12,14:10:57,2.58
2026/1/12,14:00:56,2.73
2026/1/12,13:50:55,2.64
2026/1/12,13:40:54,2.61
2026/1/12,13:30:53,2.6
2026/1/12,13:20:52,2.53
2026/1/12,13:10:51,2.5
2026/1/12,13:00:50,2.55
2026/1/12,12:50:49,2.47
2026/1/12,12:40:48,2.5
2026/1/12,12:30:47,2.46
2026/1/12,12:20:46,2.38
2026/1/12,12:10:45,2.43
2026/1/12,12:00:44,2.41
2026/1/12,11:50:43,2.38
2026/1/12,11:40:42,2.49
2026/1/12,11:30:42,2.42
2026/1/12,11:20:41,2.43
2026/1/12,11:10:40,2.41
2026/1/12,11:00:39,2.41
2026/1/12,10:50:38,2.41
2026/1/12,10:40:37,2.45
2026/1/12,10:30:36,2.46
2026/1/12,10:20:35,2.45
2026/1/12,10:10:34,2.44
2026/1/12,10:00:33,2.52
2026/1/12,9:50:32,2.51
2026/1/12,9:40:31,2.46
2026/1/12,9:30:30,2.52
2026/1/12,9:20:29,2.51
2026/1/12,9:10:28,2.54
2026/1/12,9:00:27,2.51
2026/1/12,8:50:26,2.5
2026/1/12,8:40:25,2.45
2026/1/12,8:30:24,2.46
2026/1/12,8:20:23,2.46
2026/1/12,8:10:22,2.43
2026/1/12,8:00:21,2.43
2026/1/12,7:50:20,2.45
2026/1/12,7:40:19,2.46
2026/1/12,7:30:18,2.46
2026/1/12,7:20:17,2.42
2026/1/12,7:10:16,2.43
2026/1/12,7:00:15,2.42
2026/1/12,6:50:14,2.46
2026/1/12,6:40:13,2.47
2026/1/12,6:30:12,2.46
2026/1/12,6:20:11,2.42
2026/1/12,6:10:10,2.54
2026/1/12,6:00:09,2.57
2026/1/12,5:50:08,2.61
2026/1/12,5:40:07,2.61
2026/1/12,5:30:06,2.69
2026/1/12,5:20:05,2.71
2026/1/12,5:11:04,2.75
2026/1/12,5:01:03,2.82
2026/1/12,4:51:03,2.83
2026/1/12,4:51:02,2.83
2026/1/12,4:41:02,2.9
2026/1/12,4:41:01,2.9
2026/1/12,4:31:00,2.87
2026/1/12,4:20:59,2.78
2026/1/12,4:10:59,2.84
2026/1/12,4:10:58,2.84
2026/1/12,4:00:58,2.97
2026/1/12,4:00:57,2.97
2026/1/12,3:50:57,2.92
2026/1/12,3:50:56,2.92
2026/1/12,3:40:56,2.87
2026/1/12,3:40:55,2.87
2026/1/12,3:30:55,2.91
2026/1/12,3:30:54,2.91
2026/1/12,3:20:54,2.96
2026/1/12,3:20:53,2.96
2026/1/12,3:10:53,2.98
2026/1/12,3:10:52,2.98
2026/1/12,3:00:52,2.91
2026/1/12,3:00:51,2.91
2026/1/12,2:50:51,2.89
2026/1/12,2:50:50,2.89
2026/1/12,2:40:50,2.9
2026/1/12,2:40:49,2.9
2026/1/12,2:30:49,2.95
2026/1/12,2:30:48,2.95
2026/1/12,2:20:48,2.98
2026/1/12,2:20:47,2.98
2026/1/12,2:10:47,2.89
2026/1/12,2:10:46,2.89
2026/1/12,2:00:46,2.94
2026/1/12,2:00:45,2.94
2026/1/12,1:50:45,2.94
2026/1/12,1:50:44,2.94
2026/1/12,1:40:43,2.88
2026/1/12,1:30:43,2.86
2026/1/12,1:30:42,2.86
2026/1/12,1:20:42,2.91
2026/1/12,1:20:41,2.91
2026/1/12,1:10:41,2.99
2026/1/12,1:10:40,2.99
2026/1/12,1:00:39,2.82
2026/1/12,0:50:38,2.88
2026/1/12,0:40:37,2.85
2026/1/12,0:30:37,2.88
2026/1/12,0:30:36,2.88
2026/1/12,0:20:36,2.98
2026/1/12,0:20:35,2.98
2026/1/12,0:10:34,2.82
2026/1/12,0:00:34,2.76
2026/1/12,0:00:33,2.76
2026/1/11,23:50:33,2.9
2026/1/11,23:50:32,2.9
2026/1/11,23:40:31,2.87
2026/1/11,23:30:30,2.84
2026/1/11,23:20:29,2.84
2026/1/11,23:10:28,2.79
2026/1/11,23:00:27,2.61
2026/1/11,22:50:26,2.76
2026/1/11,22:40:25,2.78
2026/1/11,22:30:24,2.78
2026/1/11,22:20:23,2.68
2026/1/11,22:10:22,2.69
2026/1/11,22:00:21,2.77
2026/1/11,21:50:20,2.67
2026/1/11,21:40:19,2.58
2026/1/11,21:30:18,2.58
2026/1/11,21:20:17,2.59
2026/1/11,21:10:16,2.52
2026/1/11,21:00:15,2.52
2026/1/11,20:50:14,2.55
2026/1/11,20:40:13,2.61
2026/1/11,20:30:12,2.57
2026/1/11,20:20:11,2.56
2026/1/11,20:10:10,2.49
2026/1/11,20:00:09,2.53
2026/1/11,19:50:08,2.51
2026/1/11,19:40:07,2.46
2026/1/11,19:30:06,2.53
2026/1/11,19:20:05,2.49
2026/1/11,19:11:04,2.51
2026/1/11,19:01:03,2.45
2026/1/11,18:51:02,2.35
2026/1/11,18:41:01,2.44
2026/1/11,18:31:00,2.43
2026/1/11,18:20:59,2.45
2026/1/11,18:10:58,2.43
2026/1/11,18:00:57,2.44
2026/1/11,17:50:56,2.42
2026/1/11,17:40:55,2.41
2026/1/11,17:30:54,2.39
2026/1/11,17:20:53,2.4
2026/1/11,17:10:52,2.43
2026/1/11,17:00:51,2.42
2026/1/11,16:50:50,2.44
2026/1/11,16:40:49,2.46
2026/1/11,16:30:48,2.46
2026/1/11,16:20:47,2.5
2026/1/11,16:10:46,2.51
2026/1/11,16:00:45,2.48
2026/1/11,15:50:44,2.45
2026/1/11,15:40:43,2.57
2026/1/11,15:30:42,2.49
2026/1/11,15:20:41,2.51
2026/1/11,15:10:40,2.58
2026/1/11,15:00:39,2.53
2026/1/11,14:50:38,2.55
2026/1/11,14:40:37,2.54
2026/1/11,14:30:36,2.61
2026/1/11,14:20:35,2.57
2026/1/11,14:10:34,2.54
2026/1/11,14:00:33,2.57
2026/1/11,13:50:32,2.6
2026/1/11,13:40:31,2.57
2026/1/11,13:30:30,2.53
2026/1/11,13:20:29,2.52
2026/1/11,13:10:28,2.43
2026/1/11,13:00:27,2.47
2026/1/11,12:50:26,2.44
2026/1/11,12:40:25,2.45
2026/1/11,12:30:24,2.4
2026/1/11,12:20:23,2.41
2026/1/11,12:10:22,2.44
2026/1/11,12:00:21,2.44
2026/1/11,11:50:20,2.47
2026/1/11,11:40:19,2.37
2026/1/11,11:30:18,2.42
2026/1/11,11:20:17,2.42
2026/1/11,11:10:16,2.44
2026/1/11,11:00:15,2.4
2026/1/11,10:50:14,2.44
2026/1/11,10:40:13,2.45
2026/1/11,10:30:12,2.46
2026/1/11,10:20:11,2.42
2026/1/11,10:10:10,2.47
2026/1/11,10:00:09,2.44
2026/1/11,9:50:08,2.45
2026/1/11,9:40:07,2.44
2026/1/11,9:30:06,2.44
2026/1/11,9:20:05,2.49
2026/1/11,9:11:04,2.46
2026/1/11,9:01:03,2.47
2026/1/11,8:51:02,2.47
2026/1/11,8:41:01,2.41
2026/1/11,8:31:00,2.45
2026/1/11,8:20:59,2.44
2026/1/11,8:10:58,2.42
2026/1/11,8:00:57,2.44
2026/1/11,7:50:56,2.42
2026/1/11,7:40:55,2.46
2026/1/11,7:30:54,2.46
2026/1/11,7:20:53,2.43
2026/1/11,7:10:52,2.48
2026/1/11,7:00:51,2.45
2026/1/11,6:50:50,2.49
2026/1/11,6:40:49,2.53
2026/1/11,6:30:48,2.5
2026/1/11,6:20:47,2.63
2026/1/11,6:10:46,2.64
2026/1/11,6:00:45,2.64
2026/1/11,5:50:44,2.65
2026/1/11,5:40:43,2.64
2026/1/11,5:30:42,2.74
2026/1/11,5:20:41,2.82
2026/1/11,5:10:40,2.86
2026/1/11,5:00:39,2.82
2026/1/11,4:50:38,2.81
2026/1/11,4:40:37,2.86
2026/1/11,4:30:36,2.8
2026/1/11,4:20:36,2.85
2026/1/11,4:20:35,2.85
2026/1/11,4:10:35,2.92
2026/1/11,4:10:34,2.92
2026/1/11,4:00:34,2.91
2026/1/11,4:00:33,2.91
2026/1/11,3:50:33,2.87
2026/1/11,3:50:32,2.87
2026/1/11,3:40:32,2.99
2026/1/11,3:40:31,2.99
2026/1/11,3:30:31,3
2026/1/11,3:30:30,3
2026/1/11,3:20:30,3.01
2026/1/11,3:20:29,3.01
2026/1/11,3:10:28,2.86
2026/1/11,3:00:27,2.8
2026/1/11,2:50:27,2.82
2026/1/11,2:50:26,2.82
2026/1/11,2:40:26,2.91
2026/1/11,2:40:25,2.91
2026/1/11,2:30:25,2.91
2026/1/11,2:30:24,2.91
2026/1/11,2:20:24,2.93
2026/1/11,2:20:23,2.93
2026/1/11,2:10:22,2.88
2026/1/11,2:00:22,2.89
2026/1/11,2:00:21,2.89
2026/1/11,1:50:21,2.93
2026/1/11,1:50:20,2.93
2026/1/11,1:40:19,2.88
2026/1/11,1:30:18,2.81
2026/1/11,1:20:18,2.89
2026/1/11,1:20:17,2.89
2026/1/11,1:10:17,2.93
2026/1/11,1:10:16,2.93
2026/1/11,1:00:16,2.97
2026/1/11,1:00:15,2.97
2026/1/11,0:50:15,2.99
2026/1/11,0:50:14,2.99
2026/1/11,0:40:14,2.93
2026/1/11,0:40:13,2.93
2026/1/11,0:30:13,2.95
2026/1/11,0:30:12,2.95
2026/1/11,0:20:11,2.88
2026/1/11,0:10:10,2.88
2026/1/11,0:00:10,2.71
2026/1/11,0:00:09,2.71
2026/1/10,23:50:09,2.92
2026/1/10,23:50:08,2.92
2026/1/10,23:40:07,2.79
2026/1/10,23:30:06,2.85
2026/1/10,23:20:05,2.77
2026/1/10,23:11:04,2.8
2026/1/10,23:01:03,2.84
2026/1/10,22:51:02,2.72
2026/1/10,22:41:01,2.76
2026/1/10,22:31:00,2.6
2026/1/10,22:20:59,2.61
2026/1/10,22:10:58,2.74
2026/1/10,22:00:57,2.6
2026/1/10,21:50:56,2.63
2026/1/10,21:40:55,2.7
2026/1/10,21:30:54,2.68
2026/1/10,21:20:53,2.72
2026/1/10,21:10:52,2.55
2026/1/10,21:00:51,2.74
2026/1/10,20:50:50,2.66
2026/1/10,20:40:49,2.66
2026/1/10,20:30:48,2.65
2026/1/10,20:20:47,2.63
2026/1/10,20:10:46,2.63
2026/1/10,20:00:45,2.64
2026/1/10,19:50:44,2.52
2026/1/10,19:40:43,2.5
2026/1/10,19:30:42,2.56
2026/1/10,19:20:41,2.52
2026/1/10,19:10:40,2.5
2026/1/10,19:00:39,2.44
2026/1/10,18:50:38,2.44
2026/1/10,18:40:37,2.42
2026/1/10,18:30:36,2.43
2026/1/10,18:20:35,2.4
2026/1/10,18:10:34,2.43
2026/1/10,18:00:33,2.41
2026/1/10,17:50:32,2.41
2026/1/10,17:40:31,2.44
2026/1/10,17:30:30,2.38
2026/1/10,17:20:29,2.42
2026/1/10,17:10:28,2.43
2026/1/10,17:00:27,2.4
2026/1/10,16:50:26,2.42
2026/1/10,16:40:25,2.44
2026/1/10,16:30:24,2.43
2026/1/10,16:20:23,2.44
2026/1/10,16:10:22,2.45
2026/1/10,16:00:21,2.45
2026/1/10,15:50:20,2.5
2026/1/10,15:40:19,2.56
2026/1/10,15:30:18,2.58
2026/1/10,15:20:17,2.49
2026/1/10,15:10:16,2.54
2026/1/10,15:00:15,2.58
2026/1/10,14:50:14,2.6
2026/1/10,14:40:13,2.61
2026/1/10,14:30:12,2.61
2026/1/10,14:20:11,2.54
2026/1/10,14:10:10,2.6
2026/1/10,14:00:09,2.58
2026/1/10,13:50:08,2.64
2026/1/10,13:40:07,2.54
2026/1/10,13:30:06,2.49
2026/1/10,13:20:05,2.5
2026/1/10,13:11:04,2.52
2026/1/10,13:01:03,2.46
2026/1/10,12:51:02,2.42
2026/1/10,12:41:01,2.42
2026/1/10,12:31:00,2.42
2026/1/10,12:20:59,2.45
2026/1/10,12:10:58,2.42
2026/1/10,12:00:57,2.4
2026/1/10,11:50:56,2.42
2026/1/10,11:40:55,2.4
2026/1/10,11:30:54,2.41
2026/1/10,11:20:53,2.37
2026/1/10,11:10:52,2.42
2026/1/10,11:00:51,2.44
2026/1/10,10:50:50,2.4
2026/1/10,10:40:49,2.45
2026/1/10,10:30:48,2.42
2026/1/10,10:20:47,2.44
2026/1/10,10:10:46,2.42
2026/1/10,10:00:45,2.46
2026/1/10,9:50:44,2.44
2026/1/10,9:40:43,2.47
2026/1/10,9:30:42,2.43
2026/1/10,9:20:41,2.5
2026/1/10,9:10:40,2.41
2026/1/10,9:00:39,2.5
2026/1/10,8:50:38,2.42
2026/1/10,8:40:37,2.43
2026/1/10,8:30:36,2.4
2026/1/10,8:20:35,2.42
2026/1/10,8:10:34,2.46
2026/1/10,8:00:33,2.35
2026/1/10,7:50:32,2.46
2026/1/10,7:40:31,2.44
2026/1/10,7:30:30,2.43
2026/1/10,7:20:29,2.47
2026/1/10,7:10:28,2.45
2026/1/10,7:00:27,2.48
2026/1/10,6:50:26,2.45
2026/1/10,6:40:25,2.49
2026/1/10,6:30:24,2.49
2026/1/10,6:20:23,2.47
2026/1/10,6:10:22,2.53
2026/1/10,6:00:21,2.6
2026/1/10,5:50:20,2.6
2026/1/10,5:40:19,2.62
2026/1/10,5:30:18,2.74
2026/1/10,5:20:17,2.69
2026/1/10,5:10:16,2.78
2026/1/10,5:00:15,2.77
2026/1/10,4:50:14,2.74
2026/1/10,4:40:13,2.69
2026/1/10,4:30:12,2.78
2026/1/10,4:20:12,2.84
2026/1/10,4:20:11,2.84
2026/1/10,4:10:11,2.91
2026/1/10,4:10:10,2.91
2026/1/10,4:00:10,2.84
2026/1/10,4:00:09,2.84
2026/1/10,3:50:09,2.91
2026/1/10,3:50:08,2.91
2026/1/10,3:40:08,2.95
2026/1/10,3:40:07,2.95
2026/1/10,3:30:06,2.84
2026/1/10,3:20:05,2.79
2026/1/10,3:11:04,2.81
2026/1/10,3:01:03,2.83
2026/1/10,2:51:03,2.9
2026/1/10,2:51:02,2.9
2026/1/10,2:41:02,2.97
2026/1/10,2:41:01,2.97
2026/1/10,2:31:01,2.96
2026/1/10,2:31:00,2.96
2026/1/10,2:21:00,2.92
2026/1/10,2:20:59,2.92
2026/1/10,2:10:58,2.89
2026/1/10,2:00:57,2.9
2026/1/10,1:50:57,2.88
2026/1/10,1:50:56,2.88
2026/1/10,1:40:56,2.9
2026/1/10,1:40:55,2.9
2026/1/10,1:30:54,2.88
2026/1/10,1:20:53,2.82
2026/1/10,1:10:52,2.86
2026/1/10,1:00:52,2.9
2026/1/10,1:00:51,2.9
2026/1/10,0:50:50,2.87
2026/1/10,0:40:49,2.89
2026/1/10,0:30:48,2.83
2026/1/10,0:20:47,2.78
2026/1/10,0:10:46,2.77
2026/1/10,0:00:45,2.85
