时间,,盛秦西苑二区-低压出口_35k压力量产一批0371#压力值(KPa)
2026/1/16,23:55:35,2.45
2026/1/16,23:50:34,2.58
2026/1/16,23:45:33,2.51
2026/1/16,23:40:32,2.56
2026/1/16,23:35:31,2.52
2026/1/16,23:30:30,2.37
2026/1/16,23:25:29,2.27
2026/1/16,23:20:28,2.5
2026/1/16,23:15:27,2.37
2026/1/16,23:10:26,2.43
2026/1/16,23:05:25,2.35
2026/1/16,23:00:24,2.38
2026/1/16,22:55:23,2.31
2026/1/16,22:50:22,2.28
2026/1/16,22:45:21,2.33
2026/1/16,22:40:20,2.41
2026/1/16,22:35:19,2.23
2026/1/16,22:30:18,2.29
2026/1/16,22:25:17,2.26
2026/1/16,22:20:16,2.24
2026/1/16,22:15:15,2.22
2026/1/16,22:10:14,2.3
2026/1/16,22:05:13,2.23
2026/1/16,22:00:12,2.29
2026/1/16,21:55:11,2.26
2026/1/16,21:50:10,2.2
2026/1/16,21:45:09,2.19
2026/1/16,21:40:08,2.19
2026/1/16,21:35:07,2.23
2026/1/16,21:30:06,2.2
2026/1/16,21:25:05,2.21
2026/1/16,21:20:04,2.2
2026/1/16,21:15:03,2.22
2026/1/16,21:10:02,2.2
2026/1/16,21:06:01,2.2
2026/1/16,21:01:00,2.2
2026/1/16,20:55:59,2.21
2026/1/16,20:50:58,2.22
2026/1/16,20:45:57,2.21
2026/1/16,20:40:56,2.21
2026/1/16,20:35:55,2.22
2026/1/16,20:30:54,2.23
2026/1/16,20:25:53,2.19
2026/1/16,20:20:52,2.24
2026/1/16,20:15:51,2.2
2026/1/16,20:10:50,2.19
2026/1/16,20:05:49,2.2
2026/1/16,20:00:48,2.22
2026/1/16,19:55:47,2.2
2026/1/16,19:50:46,2.23
2026/1/16,19:45:45,2.21
2026/1/16,19:40:44,2.23
2026/1/16,19:35:43,2.21
2026/1/16,19:30:42,2.21
2026/1/16,19:25:41,2.2
2026/1/16,19:20:40,2.2
2026/1/16,19:15:39,2.18
2026/1/16,19:10:38,2.22
2026/1/16,19:05:37,2.19
2026/1/16,19:00:36,2.21
2026/1/16,18:55:35,2.21
2026/1/16,18:50:34,2.19
2026/1/16,18:45:33,2.22
2026/1/16,18:40:32,2.21
2026/1/16,18:35:31,2.19
2026/1/16,18:30:30,2.19
2026/1/16,18:25:29,2.19
2026/1/16,18:20:28,2.19
2026/1/16,18:15:27,2.19
2026/1/16,18:10:26,2.2
2026/1/16,18:05:25,2.19
2026/1/16,18:00:24,2.21
2026/1/16,17:55:23,2.2
2026/1/16,17:50:22,2.2
2026/1/16,17:45:21,2.2
2026/1/16,17:40:20,2.17
2026/1/16,17:35:19,2.19
2026/1/16,17:30:18,2.18
2026/1/16,17:25:17,2.2
2026/1/16,17:20:16,2.19
2026/1/16,17:15:15,2.17
2026/1/16,17:10:14,2.21
2026/1/16,17:05:13,2.2
2026/1/16,17:00:12,2.26
2026/1/16,16:55:11,2.24
2026/1/16,16:50:10,2.29
2026/1/16,16:45:09,2.25
2026/1/16,16:40:08,2.24
2026/1/16,16:35:07,2.23
2026/1/16,16:30:06,2.21
2026/1/16,16:25:05,2.25
2026/1/16,16:20:04,2.25
2026/1/16,16:15:03,2.31
2026/1/16,16:10:02,2.3
2026/1/16,16:06:01,2.31
2026/1/16,16:01:00,2.44
2026/1/16,15:55:59,2.39
2026/1/16,15:50:58,2.31
2026/1/16,15:45:57,2.29
2026/1/16,15:40:56,2.32
2026/1/16,15:35:55,2.36
2026/1/16,15:30:54,2.33
2026/1/16,15:25:53,2.27
2026/1/16,15:20:52,2.33
2026/1/16,15:15:51,2.34
2026/1/16,15:10:50,2.36
2026/1/16,15:05:49,2.31
2026/1/16,15:00:48,2.34
2026/1/16,14:55:47,2.42
2026/1/16,14:50:46,2.3
2026/1/16,14:45:45,2.22
2026/1/16,14:40:44,2.25
2026/1/16,14:35:43,2.33
2026/1/16,14:30:42,2.34
2026/1/16,14:25:41,2.38
2026/1/16,14:20:40,2.32
2026/1/16,14:15:39,2.27
2026/1/16,14:10:38,2.34
2026/1/16,14:05:37,2.39
2026/1/16,14:00:36,2.26
2026/1/16,13:55:35,2.29
2026/1/16,13:50:34,2.39
2026/1/16,13:45:33,2.41
2026/1/16,13:40:32,2.33
2026/1/16,13:35:31,2.34
2026/1/16,13:30:30,2.32
2026/1/16,13:25:29,2.32
2026/1/16,13:20:28,2.41
2026/1/16,13:15:27,2.33
2026/1/16,13:10:26,2.29
2026/1/16,13:05:25,2.29
2026/1/16,13:00:24,2.25
2026/1/16,12:55:23,2.22
2026/1/16,12:50:22,2.25
2026/1/16,12:45:21,2.28
2026/1/16,12:40:20,2.29
2026/1/16,12:35:19,2.25
2026/1/16,12:30:18,2.29
2026/1/16,12:25:17,2.29
2026/1/16,12:20:16,2.25
2026/1/16,12:15:15,2.21
2026/1/16,12:10:14,2.22
2026/1/16,12:05:13,2.26
2026/1/16,12:00:12,2.24
2026/1/16,11:55:11,2.21
2026/1/16,11:50:10,2.21
2026/1/16,11:45:09,2.22
2026/1/16,11:40:08,2.22
2026/1/16,11:35:07,2.21
2026/1/16,11:30:06,2.22
2026/1/16,11:25:05,2.21
2026/1/16,11:20:04,2.21
2026/1/16,11:15:03,2.22
2026/1/16,11:10:02,2.23
2026/1/16,11:06:01,2.26
2026/1/16,11:01:00,2.21
2026/1/16,10:55:59,2.24
2026/1/16,10:50:58,2.19
2026/1/16,10:45:57,2.22
2026/1/16,10:40:56,2.24
2026/1/16,10:35:55,2.28
2026/1/16,10:30:54,2.26
2026/1/16,10:25:53,2.29
2026/1/16,10:20:52,2.27
2026/1/16,10:15:51,2.27
2026/1/16,10:10:50,2.27
2026/1/16,10:05:49,2.23
2026/1/16,10:00:48,2.27
2026/1/16,9:55:47,2.29
2026/1/16,9:50:46,2.26
2026/1/16,9:45:45,2.25
2026/1/16,9:40:44,2.24
2026/1/16,9:35:43,2.25
2026/1/16,9:30:42,2.22
2026/1/16,9:25:41,2.23
2026/1/16,9:20:40,2.21
2026/1/16,9:15:39,2.24
2026/1/16,9:10:38,2.25
2026/1/16,9:05:37,2.23
2026/1/16,9:00:36,2.21
2026/1/16,8:55:35,2.22
2026/1/16,8:50:34,2.23
2026/1/16,8:45:33,2.2
2026/1/16,8:40:32,2.27
2026/1/16,8:35:31,2.24
2026/1/16,8:30:30,2.21
2026/1/16,8:25:29,2.23
2026/1/16,8:20:28,2.22
2026/1/16,8:15:27,2.24
2026/1/16,8:10:26,2.21
2026/1/16,8:05:25,2.21
2026/1/16,8:00:24,2.23
2026/1/16,7:55:23,2.25
2026/1/16,7:50:22,2.28
2026/1/16,7:45:21,2.26
2026/1/16,7:40:20,2.32
2026/1/16,7:35:19,2.22
2026/1/16,7:30:18,2.23
2026/1/16,7:25:17,2.22
2026/1/16,7:20:16,2.22
2026/1/16,7:15:15,2.28
2026/1/16,7:10:14,2.2
2026/1/16,7:05:13,2.23
2026/1/16,7:00:12,2.22
2026/1/16,6:55:11,2.21
2026/1/16,6:50:10,2.26
2026/1/16,6:45:09,2.24
2026/1/16,6:40:08,2.21
2026/1/16,6:35:07,2.21
2026/1/16,6:30:06,2.21
2026/1/16,6:25:05,2.24
2026/1/16,6:20:04,2.28
2026/1/16,6:15:03,2.29
2026/1/16,6:10:02,2.27
2026/1/16,6:06:01,2.25
2026/1/16,6:01:00,2.33
2026/1/16,5:55:59,2.35
2026/1/16,5:50:58,2.4
2026/1/16,5:45:57,2.32
2026/1/16,5:40:56,2.44
2026/1/16,5:35:55,2.44
2026/1/16,5:30:54,2.37
2026/1/16,5:25:53,2.39
2026/1/16,5:20:52,2.52
2026/1/16,5:15:51,2.5
2026/1/16,5:10:50,2.51
2026/1/16,5:05:49,2.43
2026/1/16,5:00:48,2.42
2026/1/16,4:55:47,2.47
2026/1/16,4:50:46,2.65
2026/1/16,4:45:45,2.62
2026/1/16,4:40:44,2.56
2026/1/16,4:35:43,2.55
2026/1/16,4:30:42,2.52
2026/1/16,4:25:41,2.43
2026/1/16,4:20:40,2.53
2026/1/16,4:15:39,2.62
2026/1/16,4:10:38,2.57
2026/1/16,4:05:37,2.62
2026/1/16,4:00:36,2.56
2026/1/16,3:55:35,2.47
2026/1/16,3:50:34,2.49
2026/1/16,3:45:33,2.63
2026/1/16,3:40:32,2.7
2026/1/16,3:35:31,2.64
2026/1/16,3:30:30,2.6
2026/1/16,3:25:29,2.81
2026/1/16,3:20:28,2.78
2026/1/16,3:15:27,2.76
2026/1/16,3:10:26,2.75
2026/1/16,3:05:25,2.69
2026/1/16,3:00:24,2.64
2026/1/16,2:55:23,2.5
2026/1/16,2:50:22,2.55
2026/1/16,2:45:21,2.5
2026/1/16,2:40:20,2.65
2026/1/16,2:35:19,2.67
2026/1/16,2:30:18,2.64
2026/1/16,2:25:17,2.56
2026/1/16,2:20:16,2.59
2026/1/16,2:15:15,2.65
2026/1/16,2:10:14,2.66
2026/1/16,2:05:13,2.62
2026/1/16,2:00:12,2.63
2026/1/16,1:55:11,2.59
2026/1/16,1:50:10,2.41
2026/1/16,1:45:09,2.37
2026/1/16,1:40:08,2.55
2026/1/16,1:35:07,2.58
2026/1/16,1:30:06,2.52
2026/1/16,1:25:05,2.54
2026/1/16,1:20:04,2.55
2026/1/16,1:15:03,2.44
2026/1/16,1:10:02,2.59
2026/1/16,1:06:01,2.67
2026/1/16,1:01:00,2.64
2026/1/16,0:55:59,2.53
2026/1/16,0:50:58,2.56
2026/1/16,0:45:57,2.53
2026/1/16,0:40:56,2.51
2026/1/16,0:35:55,2.5
2026/1/16,0:30:54,2.48
2026/1/16,0:25:53,2.47
2026/1/16,0:20:52,2.46
2026/1/16,0:15:51,2.34
2026/1/16,0:10:50,2.41
2026/1/16,0:05:49,2.38
2026/1/16,0:00:48,2.57
2026/1/15,23:55:47,2.49
2026/1/15,23:50:46,2.4
2026/1/15,23:45:45,2.45
2026/1/15,23:40:44,2.48
2026/1/15,23:35:43,2.34
2026/1/15,23:30:42,2.36
2026/1/15,23:25:41,2.45
2026/1/15,23:20:40,2.48
2026/1/15,23:15:39,2.27
2026/1/15,23:10:38,2.33
2026/1/15,23:05:37,2.32
2026/1/15,23:00:36,2.35
2026/1/15,22:55:35,2.35
2026/1/15,22:50:34,2.32
2026/1/15,22:45:33,2.42
2026/1/15,22:40:32,2.26
2026/1/15,22:35:31,2.42
2026/1/15,22:30:30,2.45
2026/1/15,22:25:29,2.29
2026/1/15,22:20:28,2.2
2026/1/15,22:15:27,2.2
2026/1/15,22:10:26,2.21
2026/1/15,22:05:25,2.22
2026/1/15,22:00:24,2.2
2026/1/15,21:55:23,2.24
2026/1/15,21:50:22,2.27
2026/1/15,21:45:21,2.22
2026/1/15,21:40:20,2.19
2026/1/15,21:35:19,2.18
2026/1/15,21:30:18,2.21
2026/1/15,21:25:17,2.2
2026/1/15,21:20:16,2.27
2026/1/15,21:15:15,2.29
2026/1/15,21:10:14,2.22
2026/1/15,21:05:13,2.21
2026/1/15,21:00:12,2.2
2026/1/15,20:55:11,2.21
2026/1/15,20:50:10,2.19
2026/1/15,20:45:09,2.19
2026/1/15,20:40:08,2.19
2026/1/15,20:35:07,2.19
2026/1/15,20:30:06,2.19
2026/1/15,20:25:05,2.19
2026/1/15,20:20:04,2.18
2026/1/15,20:15:03,2.19
2026/1/15,20:10:02,2.18
2026/1/15,20:06:01,2.2
2026/1/15,20:01:00,2.2
2026/1/15,19:55:59,2.2
2026/1/15,19:50:58,2.2
2026/1/15,19:45:57,2.2
2026/1/15,19:40:56,2.22
2026/1/15,19:35:55,2.2
2026/1/15,19:30:54,2.21
2026/1/15,19:25:53,2.2
2026/1/15,19:20:52,2.21
2026/1/15,19:15:51,2.2
2026/1/15,19:10:50,2.21
2026/1/15,19:05:49,2.19
2026/1/15,19:00:48,2.19
2026/1/15,18:55:47,2.19
2026/1/15,18:50:46,2.2
2026/1/15,18:45:45,2.19
2026/1/15,18:40:44,2.21
2026/1/15,18:35:43,2.2
2026/1/15,18:30:42,2.18
2026/1/15,18:25:41,2.19
2026/1/15,18:20:40,2.21
2026/1/15,18:15:39,2.21
2026/1/15,18:10:38,2.19
2026/1/15,18:05:37,2.19
2026/1/15,18:00:36,2.21
2026/1/15,17:55:35,2.18
2026/1/15,17:50:34,2.2
2026/1/15,17:45:33,2.19
2026/1/15,17:40:32,2.17
2026/1/15,17:35:31,2.19
2026/1/15,17:30:30,2.19
2026/1/15,17:25:29,2.2
2026/1/15,17:20:28,2.19
2026/1/15,17:15:27,2.2
2026/1/15,17:10:26,2.22
2026/1/15,17:05:25,2.19
2026/1/15,17:00:24,2.21
2026/1/15,16:55:23,2.2
2026/1/15,16:50:22,2.19
2026/1/15,16:45:21,2.26
2026/1/15,16:40:20,2.32
2026/1/15,16:35:19,2.33
2026/1/15,16:30:18,2.24
2026/1/15,16:25:17,2.27
2026/1/15,16:20:16,2.22
2026/1/15,16:15:15,2.26
2026/1/15,16:10:14,2.31
2026/1/15,16:05:13,2.29
2026/1/15,16:00:12,2.28
2026/1/15,15:55:11,2.3
2026/1/15,15:50:10,2.29
2026/1/15,15:45:09,2.23
2026/1/15,15:40:08,2.25
2026/1/15,15:35:07,2.34
2026/1/15,15:30:06,2.26
2026/1/15,15:25:05,2.31
2026/1/15,15:20:04,2.35
2026/1/15,15:15:03,2.32
2026/1/15,15:10:02,2.39
2026/1/15,15:06:01,2.3
2026/1/15,15:01:00,2.27
2026/1/15,14:55:59,2.29
2026/1/15,14:50:58,2.38
2026/1/15,14:45:57,2.37
2026/1/15,14:40:56,2.35
2026/1/15,14:35:55,2.37
2026/1/15,14:30:54,2.3
2026/1/15,14:25:53,2.31
2026/1/15,14:20:52,2.36
2026/1/15,14:15:51,2.25
2026/1/15,14:10:50,2.4
2026/1/15,14:05:49,2.4
2026/1/15,14:00:48,2.38
2026/1/15,13:55:47,2.41
2026/1/15,13:50:46,2.4
2026/1/15,13:45:45,2.53
2026/1/15,13:40:44,2.44
2026/1/15,13:35:43,2.31
2026/1/15,13:30:42,2.31
2026/1/15,13:25:41,2.32
2026/1/15,13:20:40,2.27
2026/1/15,13:15:39,2.29
2026/1/15,13:10:38,2.26
2026/1/15,13:05:37,2.27
2026/1/15,13:00:36,2.29
2026/1/15,12:55:35,2.27
2026/1/15,12:50:34,2.34
2026/1/15,12:45:33,2.21
2026/1/15,12:40:32,2.24
2026/1/15,12:35:31,2.26
2026/1/15,12:30:30,2.23
2026/1/15,12:25:29,2.28
2026/1/15,12:20:28,2.24
2026/1/15,12:15:27,2.22
2026/1/15,12:10:26,2.22
2026/1/15,12:05:25,2.21
2026/1/15,12:00:24,2.19
2026/1/15,11:55:23,2.22
2026/1/15,11:50:22,2.21
2026/1/15,11:45:21,2.2
2026/1/15,11:40:20,2.2
2026/1/15,11:35:19,2.2
2026/1/15,11:30:18,2.21
2026/1/15,11:25:17,2.22
2026/1/15,11:20:16,2.2
2026/1/15,11:15:15,2.18
2026/1/15,11:10:14,2.21
2026/1/15,11:05:13,2.24
2026/1/15,11:00:12,2.24
2026/1/15,10:55:11,2.22
2026/1/15,10:50:10,2.27
2026/1/15,10:45:09,2.24
2026/1/15,10:40:08,2.33
2026/1/15,10:35:07,2.26
2026/1/15,10:30:06,2.32
2026/1/15,10:25:05,2.24
2026/1/15,10:20:04,2.22
2026/1/15,10:15:03,2.24
2026/1/15,10:10:02,2.27
2026/1/15,10:06:01,2.33
2026/1/15,10:01:00,2.36
2026/1/15,9:55:59,2.25
2026/1/15,9:50:58,2.22
2026/1/15,9:45:57,2.24
2026/1/15,9:40:56,2.23
2026/1/15,9:35:55,2.28
2026/1/15,9:30:54,2.25
2026/1/15,9:25:53,2.22
2026/1/15,9:20:52,2.21
2026/1/15,9:15:51,2.24
2026/1/15,9:10:50,2.26
2026/1/15,9:05:49,2.25
2026/1/15,9:00:48,2.23
2026/1/15,8:55:47,2.26
2026/1/15,8:50:46,2.23
2026/1/15,8:45:45,2.27
2026/1/15,8:40:44,2.21
2026/1/15,8:35:43,2.25
2026/1/15,8:30:42,2.25
2026/1/15,8:25:41,2.22
2026/1/15,8:20:40,2.21
2026/1/15,8:15:39,2.25
2026/1/15,8:10:38,2.29
2026/1/15,8:05:37,2.27
2026/1/15,8:00:36,2.31
2026/1/15,7:55:35,2.22
2026/1/15,7:50:34,2.21
2026/1/15,7:45:33,2.23
2026/1/15,7:40:32,2.2
2026/1/15,7:35:31,2.32
2026/1/15,7:30:30,2.26
2026/1/15,7:25:29,2.23
2026/1/15,7:20:28,2.22
2026/1/15,7:15:27,2.21
2026/1/15,7:10:26,2.25
2026/1/15,7:05:25,2.23
2026/1/15,7:00:24,2.21
2026/1/15,6:55:23,2.21
2026/1/15,6:50:22,2.23
2026/1/15,6:45:21,2.2
2026/1/15,6:40:20,2.24
2026/1/15,6:35:19,2.25
2026/1/15,6:30:18,2.21
2026/1/15,6:25:17,2.25
2026/1/15,6:20:16,2.29
2026/1/15,6:15:15,2.29
2026/1/15,6:10:14,2.27
2026/1/15,6:05:13,2.35
2026/1/15,6:00:12,2.38
2026/1/15,5:55:11,2.34
2026/1/15,5:50:10,2.4
2026/1/15,5:45:09,2.34
2026/1/15,5:40:08,2.41
2026/1/15,5:35:07,2.42
2026/1/15,5:30:06,2.41
2026/1/15,5:25:05,2.44
2026/1/15,5:20:04,2.48
2026/1/15,5:15:03,2.45
2026/1/15,5:10:02,2.42
2026/1/15,5:06:01,2.42
2026/1/15,5:01:00,2.54
2026/1/15,4:55:59,2.57
2026/1/15,4:50:58,2.53
2026/1/15,4:45:57,2.57
2026/1/15,4:40:56,2.65
2026/1/15,4:35:55,2.59
2026/1/15,4:30:54,2.54
2026/1/15,4:25:53,2.52
2026/1/15,4:20:52,2.53
2026/1/15,4:15:51,2.51
2026/1/15,4:10:50,2.45
2026/1/15,4:05:49,2.59
2026/1/15,4:00:48,2.59
2026/1/15,3:55:47,2.58
2026/1/15,3:50:46,2.46
2026/1/15,3:45:45,2.47
2026/1/15,3:40:44,2.48
2026/1/15,3:35:43,2.5
2026/1/15,3:30:42,2.55
2026/1/15,3:25:41,2.48
2026/1/15,3:20:40,2.5
2026/1/15,3:15:39,2.42
2026/1/15,3:10:38,2.48
2026/1/15,3:05:37,2.43
2026/1/15,3:00:36,2.46
2026/1/15,2:55:35,2.54
2026/1/15,2:50:34,2.7
2026/1/15,2:45:33,2.7
2026/1/15,2:40:32,2.64
2026/1/15,2:35:31,2.58
2026/1/15,2:30:30,2.56
2026/1/15,2:25:29,2.61
2026/1/15,2:20:28,2.56
2026/1/15,2:15:27,2.51
2026/1/15,2:10:26,2.56
2026/1/15,2:05:25,2.59
2026/1/15,2:00:24,2.67
2026/1/15,1:55:23,2.61
2026/1/15,1:50:22,2.5
2026/1/15,1:45:21,2.53
2026/1/15,1:40:20,2.39
2026/1/15,1:35:19,2.5
2026/1/15,1:30:18,2.53
2026/1/15,1:25:17,2.42
2026/1/15,1:20:16,2.5
2026/1/15,1:15:15,2.52
2026/1/15,1:10:14,2.54
2026/1/15,1:05:13,2.56
2026/1/15,1:00:12,2.53
2026/1/15,0:55:11,2.58
2026/1/15,0:50:10,2.5
2026/1/15,0:45:09,2.39
2026/1/15,0:40:08,2.41
2026/1/15,0:35:07,2.38
2026/1/15,0:30:06,2.58
2026/1/15,0:25:05,2.45
2026/1/15,0:20:04,2.46
2026/1/15,0:15:03,2.5
2026/1/15,0:10:02,2.52
2026/1/15,0:06:01,2.43
2026/1/15,0:01:00,2.52
2026/1/14,23:55:59,2.57
2026/1/14,23:50:58,2.43
2026/1/14,23:45:57,2.36
2026/1/14,23:40:56,2.45
2026/1/14,23:35:55,2.39
2026/1/14,23:30:54,2.51
2026/1/14,23:25:53,2.51
2026/1/14,23:20:52,2.21
2026/1/14,23:15:51,2.44
2026/1/14,23:10:50,2.28
2026/1/14,23:05:49,2.36
2026/1/14,23:00:48,2.35
2026/1/14,22:55:47,2.27
2026/1/14,22:50:46,2.35
2026/1/14,22:45:45,2.26
2026/1/14,22:40:44,2.3
2026/1/14,22:35:43,2.22
2026/1/14,22:30:42,2.21
2026/1/14,22:25:41,2.25
2026/1/14,22:20:40,2.27
2026/1/14,22:15:39,2.2
2026/1/14,22:10:38,2.22
2026/1/14,22:05:37,2.23
2026/1/14,22:00:36,2.22
2026/1/14,21:55:35,2.18
2026/1/14,21:50:34,2.27
2026/1/14,21:45:33,2.18
2026/1/14,21:40:32,2.3
2026/1/14,21:35:31,2.3
2026/1/14,21:30:30,2.24
2026/1/14,21:25:29,2.26
2026/1/14,21:20:28,2.21
2026/1/14,21:15:27,2.23
2026/1/14,21:10:26,2.2
2026/1/14,21:05:25,2.17
2026/1/14,21:00:24,2.18
2026/1/14,20:55:23,2.2
2026/1/14,20:50:22,2.19
2026/1/14,20:45:21,2.2
2026/1/14,20:40:20,2.2
2026/1/14,20:35:19,2.19
2026/1/14,20:30:18,2.21
2026/1/14,20:25:17,2.2
2026/1/14,20:20:16,2.2
2026/1/14,20:15:15,2.2
2026/1/14,20:10:14,2.2
2026/1/14,20:05:13,2.19
2026/1/14,20:00:12,2.19
2026/1/14,19:55:11,2.17
2026/1/14,19:50:10,2.19
2026/1/14,19:45:09,2.18
2026/1/14,19:40:08,2.2
2026/1/14,19:35:07,2.21
2026/1/14,19:30:06,2.2
2026/1/14,19:25:05,2.22
2026/1/14,19:20:04,2.22
2026/1/14,19:15:03,2.18
2026/1/14,19:10:02,2.2
2026/1/14,19:06:01,2.19
2026/1/14,19:01:00,2.19
2026/1/14,18:55:59,2.19
2026/1/14,18:50:58,2.2
2026/1/14,18:45:57,2.18
2026/1/14,18:40:56,2.19
2026/1/14,18:35:55,2.19
2026/1/14,18:30:54,2.21
2026/1/14,18:25:53,2.2
2026/1/14,18:20:52,2.18
2026/1/14,18:15:51,2.2
2026/1/14,18:10:50,2.2
2026/1/14,18:05:49,2.18
2026/1/14,18:00:48,2.19
2026/1/14,17:55:47,2.19
2026/1/14,17:50:46,2.2
2026/1/14,17:45:45,2.18
2026/1/14,17:40:44,2.14
2026/1/14,17:35:43,2.2
2026/1/14,17:30:42,2.19
2026/1/14,17:25:41,2.19
2026/1/14,17:20:40,2.19
2026/1/14,17:15:39,2.19
2026/1/14,17:10:38,2.19
2026/1/14,17:05:37,2.19
2026/1/14,17:00:36,2.21
2026/1/14,16:55:35,2.19
2026/1/14,16:50:34,2.2
2026/1/14,16:45:33,2.23
2026/1/14,16:40:32,2.26
2026/1/14,16:35:31,2.25
2026/1/14,16:30:30,2.23
2026/1/14,16:25:29,2.23
2026/1/14,16:20:28,2.26
2026/1/14,16:15:27,2.23
2026/1/14,16:10:26,2.28
2026/1/14,16:05:25,2.24
2026/1/14,16:00:24,2.26
2026/1/14,15:55:23,2.29
2026/1/14,15:50:22,2.34
2026/1/14,15:45:21,2.4
2026/1/14,15:40:20,2.36
2026/1/14,15:35:19,2.29
2026/1/14,15:30:18,2.33
2026/1/14,15:25:17,2.34
2026/1/14,15:20:16,2.3
2026/1/14,15:15:15,2.36
2026/1/14,15:10:14,2.39
2026/1/14,15:05:13,2.23
2026/1/14,15:00:12,2.3
2026/1/14,14:55:11,2.25
2026/1/14,14:50:10,2.22
2026/1/14,14:45:09,2.26
2026/1/14,14:40:08,2.37
2026/1/14,14:35:07,2.4
2026/1/14,14:30:06,2.37
2026/1/14,14:25:05,2.28
2026/1/14,14:20:04,2.33
2026/1/14,14:15:03,2.38
2026/1/14,14:10:02,2.37
2026/1/14,14:06:01,2.33
2026/1/14,14:01:00,2.41
2026/1/14,13:55:59,2.2
2026/1/14,13:50:58,2.31
2026/1/14,13:45:57,2.39
2026/1/14,13:40:56,2.37
2026/1/14,13:35:55,2.3
2026/1/14,13:30:54,2.29
2026/1/14,13:25:53,2.29
2026/1/14,13:20:52,2.22
2026/1/14,13:15:51,2.36
2026/1/14,13:10:50,2.24
2026/1/14,13:05:49,2.29
2026/1/14,13:00:48,2.28
2026/1/14,12:55:47,2.22
2026/1/14,12:50:46,2.23
2026/1/14,12:45:45,2.22
2026/1/14,12:40:44,2.18
2026/1/14,12:35:43,2.24
2026/1/14,12:30:42,2.28
2026/1/14,12:25:41,2.25
2026/1/14,12:20:40,2.21
2026/1/14,12:15:39,2.22
2026/1/14,12:10:38,2.21
2026/1/14,12:05:37,2.18
2026/1/14,12:00:36,2.2
2026/1/14,11:55:35,2.2
2026/1/14,11:50:34,2.21
2026/1/14,11:45:33,2.24
2026/1/14,11:40:32,2.22
2026/1/14,11:35:31,2.22
2026/1/14,11:30:30,2.23
2026/1/14,11:25:29,2.24
2026/1/14,11:20:28,2.22
2026/1/14,11:15:27,2.3
2026/1/14,11:10:26,2.22
2026/1/14,11:05:25,2.22
2026/1/14,11:00:24,2.22
2026/1/14,10:55:23,2.23
2026/1/14,10:50:22,2.27
2026/1/14,10:45:21,2.29
2026/1/14,10:40:20,2.25
2026/1/14,10:35:19,2.29
2026/1/14,10:30:18,2.21
2026/1/14,10:25:17,2.21
2026/1/14,10:20:16,2.26
2026/1/14,10:15:15,2.24
2026/1/14,10:10:14,2.26
2026/1/14,10:05:13,2.25
2026/1/14,10:00:12,2.27
2026/1/14,9:55:11,2.27
2026/1/14,9:50:10,2.23
2026/1/14,9:45:09,2.21
2026/1/14,9:40:08,2.2
2026/1/14,9:35:07,2.21
2026/1/14,9:30:06,2.29
2026/1/14,9:25:05,2.24
2026/1/14,9:20:04,2.23
2026/1/14,9:15:03,2.23
2026/1/14,9:10:02,2.23
2026/1/14,9:06:01,2.2
2026/1/14,9:01:00,2.21
2026/1/14,8:55:59,2.2
2026/1/14,8:50:58,2.28
2026/1/14,8:45:57,2.23
2026/1/14,8:40:56,2.24
2026/1/14,8:35:55,2.24
2026/1/14,8:30:54,2.22
2026/1/14,8:25:53,2.24
2026/1/14,8:20:52,2.25
2026/1/14,8:15:51,2.23
2026/1/14,8:10:50,2.22
2026/1/14,8:05:49,2.25
2026/1/14,8:00:48,2.23
2026/1/14,7:55:47,2.22
2026/1/14,7:50:46,2.26
2026/1/14,7:45:45,2.24
2026/1/14,7:40:44,2.25
2026/1/14,7:35:43,2.21
2026/1/14,7:30:42,2.24
2026/1/14,7:25:41,2.25
2026/1/14,7:20:40,2.25
2026/1/14,7:15:39,2.25
2026/1/14,7:10:38,2.21
2026/1/14,7:05:37,2.24
2026/1/14,7:00:36,2.26
2026/1/14,6:55:35,2.22
2026/1/14,6:50:34,2.23
2026/1/14,6:45:33,2.21
2026/1/14,6:40:32,2.2
2026/1/14,6:35:31,2.2
2026/1/14,6:30:30,2.26
2026/1/14,6:25:29,2.27
2026/1/14,6:20:28,2.36
2026/1/14,6:15:27,2.27
2026/1/14,6:10:26,2.27
2026/1/14,6:05:25,2.22
2026/1/14,6:00:24,2.27
2026/1/14,5:55:23,2.37
2026/1/14,5:50:22,2.4
2026/1/14,5:45:21,2.33
2026/1/14,5:40:20,2.31
2026/1/14,5:35:19,2.38
2026/1/14,5:30:18,2.41
2026/1/14,5:25:17,2.38
2026/1/14,5:20:16,2.39
2026/1/14,5:15:15,2.43
2026/1/14,5:10:14,2.54
2026/1/14,5:05:13,2.51
2026/1/14,5:00:12,2.53
2026/1/14,4:55:11,2.48
2026/1/14,4:50:10,2.49
2026/1/14,4:45:09,2.49
2026/1/14,4:40:08,2.64
2026/1/14,4:35:07,2.6
2026/1/14,4:30:06,2.73
2026/1/14,4:25:05,2.71
2026/1/14,4:20:04,2.66
2026/1/14,4:15:03,2.6
2026/1/14,4:10:02,2.52
2026/1/14,4:06:01,2.51
2026/1/14,4:01:00,2.44
2026/1/14,3:55:59,2.42
2026/1/14,3:50:58,2.54
2026/1/14,3:45:57,2.59
2026/1/14,3:40:56,2.54
2026/1/14,3:35:55,2.48
2026/1/14,3:30:54,2.51
2026/1/14,3:25:53,2.65
2026/1/14,3:20:52,2.59
2026/1/14,3:15:51,2.59
2026/1/14,3:10:50,2.49
2026/1/14,3:05:49,2.6
2026/1/14,3:00:48,2.6
2026/1/14,2:55:47,2.65
2026/1/14,2:50:46,2.58
2026/1/14,2:45:45,2.58
2026/1/14,2:40:44,2.65
2026/1/14,2:35:43,2.75
2026/1/14,2:30:42,2.75
2026/1/14,2:25:41,2.7
2026/1/14,2:20:40,2.64
2026/1/14,2:15:39,2.55
2026/1/14,2:10:38,2.61
2026/1/14,2:05:37,2.52
2026/1/14,2:00:36,2.52
2026/1/14,1:55:35,2.53
2026/1/14,1:50:34,2.66
2026/1/14,1:45:33,2.69
2026/1/14,1:40:32,2.66
2026/1/14,1:35:31,2.67
2026/1/14,1:30:30,2.74
2026/1/14,1:25:29,2.68
2026/1/14,1:20:28,2.51
2026/1/14,1:15:27,2.46
2026/1/14,1:10:26,2.56
2026/1/14,1:05:25,2.42
2026/1/14,1:00:24,2.41
2026/1/14,0:55:23,2.5
2026/1/14,0:50:22,2.47
2026/1/14,0:45:21,2.54
2026/1/14,0:40:20,2.54
2026/1/14,0:35:19,2.53
2026/1/14,0:30:18,2.5
2026/1/14,0:25:17,2.39
2026/1/14,0:20:16,2.54
2026/1/14,0:15:15,2.6
2026/1/14,0:10:14,2.5
2026/1/14,0:05:13,2.45
2026/1/14,0:00:12,2.5
2026/1/13,23:55:11,2.53
2026/1/13,23:50:10,2.37
2026/1/13,23:45:09,2.29
2026/1/13,23:40:08,2.29
2026/1/13,23:35:07,2.41
2026/1/13,23:30:06,2.48
2026/1/13,23:25:05,2.38
2026/1/13,23:20:04,2.28
2026/1/13,23:15:03,2.32
2026/1/13,23:10:02,2.41
2026/1/13,23:06:01,2.45
2026/1/13,23:01:00,2.32
2026/1/13,22:55:59,2.45
2026/1/13,22:50:58,2.32
2026/1/13,22:45:57,2.3
2026/1/13,22:40:56,2.24
2026/1/13,22:35:55,2.27
2026/1/13,22:30:54,2.24
2026/1/13,22:25:53,2.35
2026/1/13,22:20:52,2.35
2026/1/13,22:15:51,2.35
2026/1/13,22:10:50,2.31
2026/1/13,22:05:49,2.25
2026/1/13,22:00:48,2.22
2026/1/13,21:55:47,2.2
2026/1/13,21:50:46,2.24
2026/1/13,21:45:45,2.22
2026/1/13,21:40:44,2.22
2026/1/13,21:35:43,2.19
2026/1/13,21:30:42,2.19
2026/1/13,21:25:41,2.2
2026/1/13,21:20:40,2.22
2026/1/13,21:15:39,2.21
2026/1/13,21:10:38,2.19
2026/1/13,21:05:37,2.2
2026/1/13,21:00:36,2.19
2026/1/13,20:55:35,2.16
2026/1/13,20:50:34,2.2
2026/1/13,20:45:33,2.2
2026/1/13,20:40:32,2.2
2026/1/13,20:35:31,2.2
2026/1/13,20:30:30,2.22
2026/1/13,20:25:29,2.21
2026/1/13,20:20:28,2.21
2026/1/13,20:15:27,2.19
2026/1/13,20:10:26,2.2
2026/1/13,20:05:25,2.2
2026/1/13,20:00:24,2.18
2026/1/13,19:55:23,2.18
2026/1/13,19:50:22,2.17
2026/1/13,19:45:21,2.21
2026/1/13,19:40:20,2.22
2026/1/13,19:35:19,2.21
2026/1/13,19:30:18,2.19
2026/1/13,19:25:17,2.21
2026/1/13,19:20:16,2.2
2026/1/13,19:15:15,2.22
2026/1/13,19:10:14,2.19
2026/1/13,19:05:13,2.21
2026/1/13,19:00:12,2.19
2026/1/13,18:55:11,2.2
2026/1/13,18:50:10,2.19
2026/1/13,18:45:09,2.19
2026/1/13,18:40:08,2.2
2026/1/13,18:35:07,2.21
2026/1/13,18:30:06,2.2
2026/1/13,18:25:05,2.2
2026/1/13,18:20:04,2.21
2026/1/13,18:15:03,2.22
2026/1/13,18:10:02,2.2
2026/1/13,18:06:01,2.19
2026/1/13,18:01:00,2.21
2026/1/13,17:55:59,2.2
2026/1/13,17:50:58,2.2
2026/1/13,17:45:57,2.2
2026/1/13,17:40:56,2.19
2026/1/13,17:35:55,2.19
2026/1/13,17:30:54,2.2
2026/1/13,17:25:53,2.18
2026/1/13,17:20:52,2.18
2026/1/13,17:15:51,2.21
2026/1/13,17:10:50,2.22
2026/1/13,17:05:49,2.21
2026/1/13,17:00:48,2.2
2026/1/13,16:55:47,2.22
2026/1/13,16:50:46,2.19
2026/1/13,16:45:45,2.22
2026/1/13,16:40:44,2.21
2026/1/13,16:35:43,2.26
2026/1/13,16:30:42,2.27
2026/1/13,16:25:41,2.19
2026/1/13,16:20:40,2.2
2026/1/13,16:15:39,2.26
2026/1/13,16:10:38,2.28
2026/1/13,16:05:37,2.23
2026/1/13,16:00:36,2.27
2026/1/13,15:55:35,2.32
2026/1/13,15:50:34,2.44
2026/1/13,15:45:33,2.34
2026/1/13,15:40:32,2.46
2026/1/13,15:35:31,2.38
2026/1/13,15:30:30,2.3
2026/1/13,15:25:29,2.39
2026/1/13,15:20:28,2.38
2026/1/13,15:15:27,2.41
2026/1/13,15:10:26,2.44
2026/1/13,15:05:25,2.33
2026/1/13,15:00:24,2.37
2026/1/13,14:55:23,2.41
2026/1/13,14:50:22,2.46
2026/1/13,14:45:21,2.41
2026/1/13,14:40:20,2.35
2026/1/13,14:35:19,2.36
2026/1/13,14:30:18,2.29
2026/1/13,14:25:17,2.45
2026/1/13,14:20:16,2.35
2026/1/13,14:15:15,2.27
2026/1/13,14:10:14,2.39
2026/1/13,14:05:13,2.29
2026/1/13,14:00:12,2.34
2026/1/13,13:55:11,2.37
2026/1/13,13:50:10,2.31
2026/1/13,13:45:09,2.4
2026/1/13,13:40:08,2.36
2026/1/13,13:35:07,2.34
2026/1/13,13:30:06,2.26
2026/1/13,13:25:05,2.34
2026/1/13,13:20:04,2.3
2026/1/13,13:15:03,2.26
2026/1/13,13:10:02,2.24
2026/1/13,13:06:01,2.27
2026/1/13,13:01:00,2.29
2026/1/13,12:55:59,2.26
2026/1/13,12:50:58,2.27
2026/1/13,12:45:57,2.27
2026/1/13,12:40:56,2.25
2026/1/13,12:35:55,2.24
2026/1/13,12:30:54,2.28
2026/1/13,12:25:53,2.19
2026/1/13,12:20:52,2.17
2026/1/13,12:15:51,2.25
2026/1/13,12:10:50,2.21
2026/1/13,12:05:49,2.2
2026/1/13,12:00:48,2.2
2026/1/13,11:55:47,2.2
2026/1/13,11:50:46,2.23
2026/1/13,11:45:45,2.22
2026/1/13,11:40:44,2.2
2026/1/13,11:35:43,2.19
2026/1/13,11:30:42,2.21
2026/1/13,11:25:41,2.19
2026/1/13,11:20:40,2.21
2026/1/13,11:15:39,2.24
2026/1/13,11:10:38,2.22
2026/1/13,11:05:37,2.23
2026/1/13,11:00:36,2.23
2026/1/13,10:55:35,2.23
2026/1/13,10:50:34,2.26
2026/1/13,10:45:33,2.21
2026/1/13,10:40:32,2.27
2026/1/13,10:35:31,2.27
2026/1/13,10:30:30,2.31
2026/1/13,10:25:29,2.27
2026/1/13,10:20:28,2.35
2026/1/13,10:15:27,2.24
2026/1/13,10:10:26,2.23
2026/1/13,10:05:25,2.27
2026/1/13,10:00:24,2.25
2026/1/13,9:55:23,2.28
2026/1/13,9:50:22,2.24
2026/1/13,9:45:21,2.24
2026/1/13,9:40:20,2.23
2026/1/13,9:35:19,2.28
2026/1/13,9:30:18,2.28
2026/1/13,9:25:17,2.22
2026/1/13,9:20:16,2.24
2026/1/13,9:15:15,2.26
2026/1/13,9:10:14,2.22
2026/1/13,9:05:13,2.3
2026/1/13,9:00:12,2.2
2026/1/13,8:55:11,2.22
2026/1/13,8:50:10,2.25
2026/1/13,8:45:09,2.24
2026/1/13,8:40:08,2.27
2026/1/13,8:35:07,2.25
2026/1/13,8:30:06,2.25
2026/1/13,8:25:05,2.25
2026/1/13,8:20:04,2.2
2026/1/13,8:15:03,2.22
2026/1/13,8:10:02,2.28
2026/1/13,8:06:01,2.27
2026/1/13,8:01:00,2.29
2026/1/13,7:55:59,2.22
2026/1/13,7:50:58,2.23
2026/1/13,7:45:57,2.29
2026/1/13,7:40:56,2.28
2026/1/13,7:35:55,2.21
2026/1/13,7:30:54,2.23
2026/1/13,7:25:53,2.22
2026/1/13,7:20:52,2.24
2026/1/13,7:15:51,2.26
2026/1/13,7:10:50,2.29
2026/1/13,7:05:49,2.24
2026/1/13,7:00:48,2.25
2026/1/13,6:55:47,2.2
2026/1/13,6:50:46,2.26
2026/1/13,6:45:45,2.22
2026/1/13,6:40:44,2.2
2026/1/13,6:35:43,2.23
2026/1/13,6:30:42,2.19
2026/1/13,6:25:41,2.21
2026/1/13,6:20:40,2.25
2026/1/13,6:15:39,2.23
2026/1/13,6:10:38,2.26
2026/1/13,6:05:37,2.28
2026/1/13,6:00:36,2.31
2026/1/13,5:55:35,2.28
2026/1/13,5:50:34,2.38
2026/1/13,5:45:33,2.45
2026/1/13,5:40:32,2.43
2026/1/13,5:35:31,2.38
2026/1/13,5:30:30,2.51
2026/1/13,5:25:29,2.46
2026/1/13,5:20:28,2.47
2026/1/13,5:15:27,2.52
2026/1/13,5:10:26,2.4
2026/1/13,5:05:25,2.52
2026/1/13,5:00:24,2.54
2026/1/13,4:55:23,2.5
2026/1/13,4:50:22,2.52
2026/1/13,4:45:21,2.57
2026/1/13,4:40:20,2.52
2026/1/13,4:35:19,2.56
2026/1/13,4:30:18,2.55
2026/1/13,4:25:17,2.57
2026/1/13,4:20:16,2.53
2026/1/13,4:15:15,2.49
2026/1/13,4:10:14,2.46
2026/1/13,4:05:13,2.47
2026/1/13,4:00:12,2.67
2026/1/13,3:55:11,2.79
2026/1/13,3:50:10,2.76
2026/1/13,3:45:09,2.73
2026/1/13,3:40:08,2.68
2026/1/13,3:35:07,2.62
2026/1/13,3:30:06,2.46
2026/1/13,3:25:05,2.56
2026/1/13,3:20:04,2.41
2026/1/13,3:15:03,2.58
2026/1/13,3:10:02,2.56
2026/1/13,3:06:01,2.7
2026/1/13,3:01:00,2.74
2026/1/13,2:55:59,2.71
2026/1/13,2:50:58,2.66
2026/1/13,2:45:57,2.63
2026/1/13,2:40:56,2.69
2026/1/13,2:35:55,2.65
2026/1/13,2:30:54,2.58
2026/1/13,2:25:53,2.43
2026/1/13,2:20:52,2.53
2026/1/13,2:15:51,2.53
2026/1/13,2:10:50,2.51
2026/1/13,2:05:49,2.57
2026/1/13,2:00:48,2.75
2026/1/13,1:55:47,2.73
2026/1/13,1:50:46,2.69
2026/1/13,1:45:45,2.67
2026/1/13,1:40:44,2.65
2026/1/13,1:35:43,2.47
2026/1/13,1:30:42,2.44
2026/1/13,1:25:41,2.52
2026/1/13,1:20:40,2.51
2026/1/13,1:15:39,2.64
2026/1/13,1:10:38,2.74
2026/1/13,1:05:37,2.67
2026/1/13,1:00:36,2.48
2026/1/13,0:55:35,2.48
2026/1/13,0:50:34,2.38
2026/1/13,0:45:33,2.53
2026/1/13,0:40:32,2.38
2026/1/13,0:35:31,2.56
2026/1/13,0:30:30,2.48
2026/1/13,0:25:29,2.48
2026/1/13,0:20:28,2.41
2026/1/13,0:15:27,2.35
2026/1/13,0:10:26,2.56
2026/1/13,0:05:25,2.27
2026/1/13,0:00:24,2.48
2026/1/12,23:55:23,2.43
2026/1/12,23:50:22,2.4
2026/1/12,23:45:21,2.5
2026/1/12,23:40:20,2.51
2026/1/12,23:35:19,2.42
2026/1/12,23:30:18,2.33
2026/1/12,23:25:17,2.47
2026/1/12,23:20:16,2.34
2026/1/12,23:15:15,2.37
2026/1/12,23:10:14,2.38
2026/1/12,23:05:13,2.29
2026/1/12,23:00:12,2.29
2026/1/12,22:55:11,2.23
2026/1/12,22:50:10,2.24
2026/1/12,22:45:09,2.35
2026/1/12,22:40:08,2.26
2026/1/12,22:35:07,2.37
2026/1/12,22:30:06,2.29
2026/1/12,22:25:05,2.2
2026/1/12,22:20:04,2.2
2026/1/12,22:15:03,2.29
2026/1/12,22:10:02,2.18
2026/1/12,22:06:01,2.23
2026/1/12,22:01:00,2.2
2026/1/12,21:55:59,2.2
2026/1/12,21:50:58,2.23
2026/1/12,21:45:57,2.29
2026/1/12,21:40:56,2.23
2026/1/12,21:35:55,2.29
2026/1/12,21:30:54,2.26
2026/1/12,21:25:53,2.36
2026/1/12,21:20:52,2.21
2026/1/12,21:15:51,2.2
2026/1/12,21:10:50,2.18
2026/1/12,21:05:49,2.22
2026/1/12,21:00:48,2.17
2026/1/12,20:55:47,2.21
2026/1/12,20:50:46,2.25
2026/1/12,20:45:45,2.24
2026/1/12,20:40:44,2.2
2026/1/12,20:35:43,2.16
2026/1/12,20:30:42,2.19
2026/1/12,20:25:41,2.2
2026/1/12,20:20:40,2.19
2026/1/12,20:15:39,2.2
2026/1/12,20:10:38,2.19
2026/1/12,20:05:37,2.19
2026/1/12,20:00:36,2.21
2026/1/12,19:55:35,2.19
2026/1/12,19:50:34,2.18
2026/1/12,19:45:33,2.18
2026/1/12,19:40:32,2.17
2026/1/12,19:35:31,2.18
2026/1/12,19:30:30,2.18
2026/1/12,19:25:29,2.19
2026/1/12,19:20:28,2.18
2026/1/12,19:15:27,2.21
2026/1/12,19:10:26,2.19
2026/1/12,19:05:25,2.2
2026/1/12,19:00:24,2.2
2026/1/12,18:55:23,2.2
2026/1/12,18:50:22,2.2
2026/1/12,18:45:21,2.18
2026/1/12,18:40:20,2.18
2026/1/12,18:35:19,2.21
2026/1/12,18:30:18,2.2
2026/1/12,18:25:17,2.18
2026/1/12,18:20:16,2.13
2026/1/12,18:15:15,2.22
2026/1/12,18:10:14,2.19
2026/1/12,18:05:13,2.2
2026/1/12,18:00:12,2.21
2026/1/12,17:55:11,2.19
2026/1/12,17:50:10,2.18
2026/1/12,17:45:09,2.19
2026/1/12,17:40:08,2.19
2026/1/12,17:35:07,2.18
2026/1/12,17:30:06,2.2
2026/1/12,17:25:05,2.21
2026/1/12,17:20:04,2.21
2026/1/12,17:15:03,2.18
2026/1/12,17:10:02,2.2
2026/1/12,17:06:01,2.2
2026/1/12,17:01:00,2.21
2026/1/12,16:55:59,2.23
2026/1/12,16:50:58,2.25
2026/1/12,16:45:57,2.2
2026/1/12,16:40:56,2.22
2026/1/12,16:35:55,2.24
2026/1/12,16:30:54,2.24
2026/1/12,16:25:53,2.22
2026/1/12,16:20:52,2.24
2026/1/12,16:15:51,2.27
2026/1/12,16:10:50,2.35
2026/1/12,16:05:49,2.4
2026/1/12,16:00:48,2.26
2026/1/12,15:55:47,2.3
2026/1/12,15:50:46,2.25
2026/1/12,15:45:45,2.31
2026/1/12,15:40:44,2.43
2026/1/12,15:35:43,2.38
2026/1/12,15:30:42,2.38
2026/1/12,15:25:41,2.28
2026/1/12,15:20:40,2.3
2026/1/12,15:15:39,2.42
2026/1/12,15:10:38,2.36
2026/1/12,15:05:37,2.34
2026/1/12,15:00:36,2.31
2026/1/12,14:55:35,2.29
2026/1/12,14:50:34,2.28
2026/1/12,14:45:33,2.37
2026/1/12,14:40:32,2.4
2026/1/12,14:35:31,2.35
2026/1/12,14:30:30,2.28
2026/1/12,14:25:29,2.31
2026/1/12,14:20:28,2.3
2026/1/12,14:15:27,2.33
2026/1/12,14:10:26,2.27
2026/1/12,14:05:25,2.28
2026/1/12,14:00:24,2.32
2026/1/12,13:55:23,2.42
2026/1/12,13:50:22,2.26
2026/1/12,13:45:21,2.23
2026/1/12,13:40:20,2.27
2026/1/12,13:35:19,2.29
2026/1/12,13:30:18,2.31
2026/1/12,13:25:17,2.34
2026/1/12,13:20:16,2.35
2026/1/12,13:15:15,2.26
2026/1/12,13:10:14,2.33
2026/1/12,13:05:13,2.25
2026/1/12,13:00:12,2.21
2026/1/12,12:55:11,2.26
2026/1/12,12:50:10,2.21
2026/1/12,12:45:09,2.33
2026/1/12,12:40:08,2.26
2026/1/12,12:35:07,2.23
2026/1/12,12:30:06,2.21
2026/1/12,12:25:05,2.27
2026/1/12,12:20:04,2.24
2026/1/12,12:15:03,2.2
2026/1/12,12:10:02,2.22
2026/1/12,12:06:01,2.23
2026/1/12,12:01:00,2.21
2026/1/12,11:55:59,2.23
2026/1/12,11:50:58,2.22
2026/1/12,11:45:57,2.21
2026/1/12,11:40:56,2.21
2026/1/12,11:35:55,2.22
2026/1/12,11:30:54,2.19
2026/1/12,11:25:53,2.21
2026/1/12,11:20:52,2.21
2026/1/12,11:15:51,2.22
2026/1/12,11:10:50,2.22
2026/1/12,11:05:49,2.23
2026/1/12,11:00:48,2.22
2026/1/12,10:55:47,2.22
2026/1/12,10:50:46,2.27
2026/1/12,10:45:45,2.28
2026/1/12,10:40:44,2.29
2026/1/12,10:35:43,2.3
2026/1/12,10:30:42,2.24
2026/1/12,10:25:41,2.29
2026/1/12,10:20:40,2.27
2026/1/12,10:15:39,2.26
2026/1/12,10:10:38,2.27
2026/1/12,10:05:37,2.24
2026/1/12,10:00:36,2.25
2026/1/12,9:55:35,2.22
2026/1/12,9:50:34,2.32
2026/1/12,9:45:33,2.3
2026/1/12,9:40:32,2.21
2026/1/12,9:35:31,2.3
2026/1/12,9:30:30,2.26
2026/1/12,9:25:29,2.24
2026/1/12,9:20:28,2.32
2026/1/12,9:15:27,2.29
2026/1/12,9:10:26,2.22
2026/1/12,9:05:25,2.27
2026/1/12,9:00:24,2.23
2026/1/12,8:55:23,2.25
2026/1/12,8:50:22,2.24
2026/1/12,8:45:21,2.23
2026/1/12,8:40:20,2.28
2026/1/12,8:35:19,2.2
2026/1/12,8:30:18,2.26
2026/1/12,8:25:17,2.29
2026/1/12,8:20:16,2.26
2026/1/12,8:15:15,2.27
2026/1/12,8:10:14,2.23
2026/1/12,8:05:13,2.23
2026/1/12,8:00:12,2.25
2026/1/12,7:55:11,2.23
2026/1/12,7:50:10,2.22
2026/1/12,7:45:09,2.23
2026/1/12,7:40:08,2.2
2026/1/12,7:35:07,2.23
2026/1/12,7:30:06,2.22
2026/1/12,7:25:05,2.24
2026/1/12,7:20:04,2.25
2026/1/12,7:15:03,2.27
2026/1/12,7:10:02,2.22
2026/1/12,7:06:01,2.25
2026/1/12,7:01:00,2.2
2026/1/12,6:55:59,2.22
2026/1/12,6:50:58,2.24
2026/1/12,6:45:57,2.2
2026/1/12,6:40:56,2.25
2026/1/12,6:35:55,2.27
2026/1/12,6:30:54,2.24
2026/1/12,6:25:53,2.23
2026/1/12,6:20:52,2.28
2026/1/12,6:15:51,2.26
2026/1/12,6:10:50,2.31
2026/1/12,6:05:49,2.24
2026/1/12,6:00:48,2.33
2026/1/12,5:55:47,2.35
2026/1/12,5:50:46,2.31
2026/1/12,5:45:45,2.33
2026/1/12,5:40:44,2.42
2026/1/12,5:35:43,2.42
2026/1/12,5:30:42,2.47
2026/1/12,5:25:41,2.46
2026/1/12,5:20:40,2.38
2026/1/12,5:15:39,2.42
2026/1/12,5:10:38,2.44
2026/1/12,5:05:37,2.4
2026/1/12,5:00:36,2.52
2026/1/12,4:55:35,2.52
2026/1/12,4:50:34,2.48
2026/1/12,4:45:33,2.45
2026/1/12,4:40:32,2.51
2026/1/12,4:35:31,2.44
2026/1/12,4:30:30,2.41
2026/1/12,4:25:29,2.5
2026/1/12,4:20:28,2.47
2026/1/12,4:15:27,2.56
2026/1/12,4:10:26,2.47
2026/1/12,4:05:25,2.58
2026/1/12,4:00:24,2.81
2026/1/12,3:55:23,2.83
2026/1/12,3:50:22,2.82
2026/1/12,3:45:21,2.86
2026/1/12,3:40:20,2.91
2026/1/12,3:35:19,2.89
2026/1/12,3:30:18,2.86
2026/1/12,3:25:17,2.82
2026/1/12,3:20:16,2.78
2026/1/12,3:15:15,2.72
2026/1/12,3:10:14,2.73
2026/1/12,3:05:13,2.55
2026/1/12,3:00:12,2.58
2026/1/12,2:55:11,2.61
2026/1/12,2:50:10,2.55
2026/1/12,2:45:09,2.53
2026/1/12,2:40:08,2.61
2026/1/12,2:35:07,2.6
2026/1/12,2:30:06,2.4
2026/1/12,2:25:05,2.44
2026/1/12,2:20:04,2.58
2026/1/12,2:15:03,2.65
2026/1/12,2:10:02,2.62
2026/1/12,2:06:01,2.58
2026/1/12,2:01:00,2.63
2026/1/12,1:55:59,2.53
2026/1/12,1:50:58,2.54
2026/1/12,1:45:57,2.4
2026/1/12,1:40:56,2.41
2026/1/12,1:35:55,2.61
2026/1/12,1:30:54,2.63
2026/1/12,1:25:53,2.57
2026/1/12,1:20:52,2.6
2026/1/12,1:15:51,2.54
2026/1/12,1:10:50,2.48
2026/1/12,1:05:49,2.5
2026/1/12,1:00:48,2.46
2026/1/12,0:55:47,2.49
2026/1/12,0:50:46,2.51
2026/1/12,0:45:45,2.61
2026/1/12,0:40:44,2.48
2026/1/12,0:35:43,2.44
2026/1/12,0:30:42,2.43
2026/1/12,0:25:41,2.49
2026/1/12,0:20:40,2.5
2026/1/12,0:15:39,2.6
2026/1/12,0:10:38,2.61
2026/1/12,0:05:37,2.32
2026/1/12,0:00:36,2.44
2026/1/11,23:55:35,2.56
2026/1/11,23:50:34,2.54
2026/1/11,23:45:33,2.5
2026/1/11,23:40:32,2.34
2026/1/11,23:35:31,2.27
2026/1/11,23:30:30,2.29
2026/1/11,23:25:29,2.28
2026/1/11,23:20:28,2.43
2026/1/11,23:15:27,2.29
2026/1/11,23:10:26,2.3
2026/1/11,23:05:25,2.44
2026/1/11,23:00:24,2.42
2026/1/11,22:55:23,2.29
2026/1/11,22:50:22,2.23
2026/1/11,22:45:21,2.3
2026/1/11,22:40:20,2.26
2026/1/11,22:35:19,2.19
2026/1/11,22:30:18,2.31
2026/1/11,22:25:17,2.26
2026/1/11,22:20:16,2.22
2026/1/11,22:15:15,2.21
2026/1/11,22:10:14,2.23
2026/1/11,22:05:13,2.2
2026/1/11,22:00:12,2.19
2026/1/11,21:55:11,2.27
2026/1/11,21:50:10,2.39
2026/1/11,21:45:09,2.29
2026/1/11,21:40:08,2.24
2026/1/11,21:35:07,2.25
2026/1/11,21:30:06,2.2
2026/1/11,21:25:05,2.2
2026/1/11,21:20:04,2.24
2026/1/11,21:15:03,2.21
2026/1/11,21:10:02,2.27
2026/1/11,21:06:01,2.19
2026/1/11,21:01:00,2.19
2026/1/11,20:55:59,2.19
2026/1/11,20:50:58,2.19
2026/1/11,20:45:57,2.2
2026/1/11,20:40:56,2.23
2026/1/11,20:35:55,2.2
2026/1/11,20:30:54,2.19
2026/1/11,20:25:53,2.23
2026/1/11,20:20:52,2.2
2026/1/11,20:15:51,2.2
2026/1/11,20:10:50,2.2
2026/1/11,20:05:49,2.19
2026/1/11,20:00:48,2.22
2026/1/11,19:55:47,2.24
2026/1/11,19:50:46,2.19
2026/1/11,19:45:45,2.2
2026/1/11,19:40:44,2.21
2026/1/11,19:35:43,2.19
2026/1/11,19:30:42,2.18
2026/1/11,19:25:41,2.19
2026/1/11,19:20:40,2.18
2026/1/11,19:15:39,2.19
2026/1/11,19:10:38,2.19
2026/1/11,19:05:37,2.18
2026/1/11,19:00:36,2.2
2026/1/11,18:55:35,2.2
2026/1/11,18:50:34,2.21
2026/1/11,18:45:33,2.19
2026/1/11,18:40:32,2.22
2026/1/11,18:35:31,2.19
2026/1/11,18:30:30,2.18
2026/1/11,18:25:29,2.2
2026/1/11,18:20:28,2.22
2026/1/11,18:15:27,2.21
2026/1/11,18:10:26,2.18
2026/1/11,18:05:25,2.19
2026/1/11,18:00:24,2.21
2026/1/11,17:55:23,2.2
2026/1/11,17:50:22,2.22
2026/1/11,17:45:21,2.2
2026/1/11,17:40:20,2.19
2026/1/11,17:35:19,2.21
2026/1/11,17:30:18,2.2
2026/1/11,17:25:17,2.22
2026/1/11,17:20:16,2.19
2026/1/11,17:15:15,2.18
2026/1/11,17:10:14,2.22
2026/1/11,17:05:13,2.21
2026/1/11,17:00:12,2.21
2026/1/11,16:55:11,2.23
2026/1/11,16:50:10,2.21
2026/1/11,16:45:09,2.23
2026/1/11,16:40:08,2.25
2026/1/11,16:35:07,2.28
2026/1/11,16:30:06,2.28
2026/1/11,16:25:05,2.23
2026/1/11,16:20:04,2.22
2026/1/11,16:15:03,2.25
2026/1/11,16:10:02,2.24
2026/1/11,16:06:01,2.27
2026/1/11,16:01:00,2.31
2026/1/11,15:55:59,2.28
2026/1/11,15:50:58,2.26
2026/1/11,15:45:57,2.44
2026/1/11,15:40:56,2.36
2026/1/11,15:35:55,2.32
2026/1/11,15:30:54,2.24
2026/1/11,15:25:53,2.29
2026/1/11,15:20:52,2.32
2026/1/11,15:15:51,2.35
2026/1/11,15:10:50,2.25
2026/1/11,15:05:49,2.24
2026/1/11,15:00:48,2.31
2026/1/11,14:55:47,2.33
2026/1/11,14:50:46,2.34
2026/1/11,14:45:45,2.23
2026/1/11,14:40:44,2.25
2026/1/11,14:35:43,2.32
2026/1/11,14:30:42,2.38
2026/1/11,14:25:41,2.27
2026/1/11,14:20:40,2.27
2026/1/11,14:15:39,2.31
2026/1/11,14:10:38,2.27
2026/1/11,14:05:37,2.32
2026/1/11,14:00:36,2.3
2026/1/11,13:55:35,2.32
2026/1/11,13:50:34,2.22
2026/1/11,13:45:33,2.26
2026/1/11,13:40:32,2.33
2026/1/11,13:35:31,2.29
2026/1/11,13:30:30,2.21
2026/1/11,13:25:29,2.21
2026/1/11,13:20:28,2.32
2026/1/11,13:15:27,2.23
2026/1/11,13:10:26,2.21
2026/1/11,13:05:25,2.23
2026/1/11,13:00:24,2.24
2026/1/11,12:55:23,2.25
2026/1/11,12:50:22,2.24
2026/1/11,12:45:21,2.2
2026/1/11,12:40:20,2.23
2026/1/11,12:35:19,2.22
2026/1/11,12:30:18,2.2
2026/1/11,12:25:17,2.22
2026/1/11,12:20:16,2.23
2026/1/11,12:15:15,2.25
2026/1/11,12:10:14,2.25
2026/1/11,12:05:13,2.19
2026/1/11,12:00:12,2.21
2026/1/11,11:55:11,2.22
2026/1/11,11:50:10,2.23
2026/1/11,11:45:09,2.18
2026/1/11,11:40:08,2.2
2026/1/11,11:35:07,2.19
2026/1/11,11:30:06,2.21
2026/1/11,11:25:05,2.23
2026/1/11,11:20:04,2.24
2026/1/11,11:15:03,2.2
2026/1/11,11:10:02,2.22
2026/1/11,11:06:01,2.22
2026/1/11,11:01:00,2.24
2026/1/11,10:55:59,2.23
2026/1/11,10:50:58,2.2
2026/1/11,10:45:57,2.22
2026/1/11,10:40:56,2.2
2026/1/11,10:35:55,2.2
2026/1/11,10:30:54,2.22
2026/1/11,10:25:53,2.23
2026/1/11,10:20:52,2.24
2026/1/11,10:15:51,2.21
2026/1/11,10:10:50,2.23
2026/1/11,10:05:49,2.24
2026/1/11,10:00:48,2.26
2026/1/11,9:55:47,2.23
2026/1/11,9:50:46,2.2
2026/1/11,9:45:45,2.26
2026/1/11,9:40:44,2.23
2026/1/11,9:35:43,2.2
2026/1/11,9:30:42,2.19
2026/1/11,9:25:41,2.26
2026/1/11,9:20:40,2.23
2026/1/11,9:15:39,2.22
2026/1/11,9:10:38,2.24
2026/1/11,9:05:37,2.22
2026/1/11,9:00:36,2.21
2026/1/11,8:55:35,2.22
2026/1/11,8:50:34,2.21
2026/1/11,8:45:33,2.24
2026/1/11,8:40:32,2.23
2026/1/11,8:35:31,2.25
2026/1/11,8:30:30,2.2
2026/1/11,8:25:29,2.23
2026/1/11,8:20:28,2.22
2026/1/11,8:15:27,2.22
2026/1/11,8:10:26,2.21
2026/1/11,8:05:25,2.22
2026/1/11,7:00:12,2.32
2026/1/11,6:55:11,2.3
2026/1/11,6:50:10,2.26
2026/1/11,6:45:09,2.25
2026/1/11,6:40:08,2.29
2026/1/11,6:35:07,2.3
2026/1/11,6:30:06,2.31
2026/1/11,6:25:05,2.21
2026/1/11,6:20:04,2.27
2026/1/11,6:15:03,2.31
2026/1/11,6:10:02,2.35
2026/1/11,6:06:01,2.36
2026/1/11,6:01:00,2.37
2026/1/11,5:55:59,2.42
2026/1/11,5:50:58,2.49
2026/1/11,5:45:57,2.51
2026/1/11,5:40:56,2.42
2026/1/11,5:35:55,2.48
2026/1/11,5:30:54,2.44
2026/1/11,5:25:53,2.49
2026/1/11,5:20:52,2.46
2026/1/11,5:15:51,2.53
2026/1/11,5:10:50,2.46
2026/1/11,5:05:49,2.52
2026/1/11,5:00:48,2.5
2026/1/11,4:55:47,2.5
2026/1/11,4:50:46,2.41
2026/1/11,4:45:45,2.6
2026/1/11,4:40:44,2.45
2026/1/11,4:35:43,2.47
2026/1/11,4:30:42,2.41
2026/1/11,4:25:41,2.55
2026/1/11,4:20:40,2.48
2026/1/11,4:15:39,2.48
2026/1/11,4:10:38,2.52
2026/1/11,4:05:37,2.63
2026/1/11,4:00:36,2.58
2026/1/11,3:55:35,2.48
2026/1/11,3:50:34,2.55
2026/1/11,3:45:33,2.73
2026/1/11,3:40:32,2.84
2026/1/11,3:35:31,2.82
2026/1/11,3:30:30,2.8
2026/1/11,3:25:29,2.8
2026/1/11,3:20:28,2.8
2026/1/11,3:15:27,2.78
2026/1/11,3:10:26,2.75
2026/1/11,3:05:25,2.71
2026/1/11,3:00:24,2.65
2026/1/11,2:55:23,2.59
2026/1/11,2:50:22,2.53
2026/1/11,2:45:21,2.62
2026/1/11,2:40:20,2.6
2026/1/11,2:35:19,2.74
2026/1/11,2:30:18,2.75
2026/1/11,2:25:17,2.79
2026/1/11,2:20:16,2.77
2026/1/11,2:15:15,2.73
2026/1/11,2:10:14,2.7
2026/1/11,2:05:13,2.65
2026/1/11,2:00:12,2.58
2026/1/11,1:55:11,2.55
2026/1/11,1:50:10,2.67
2026/1/11,1:45:09,2.66
2026/1/11,1:40:08,2.67
2026/1/11,1:35:07,2.59
2026/1/11,1:30:06,2.55
2026/1/11,1:25:05,2.64
2026/1/11,1:20:04,2.62
2026/1/11,1:15:03,2.58
2026/1/11,1:10:02,2.59
2026/1/11,1:06:01,2.63
2026/1/11,1:01:00,2.63
2026/1/11,0:55:59,2.5
2026/1/11,0:50:58,2.4
2026/1/11,0:45:57,2.45
2026/1/11,0:40:56,2.52
2026/1/11,0:35:55,2.46
2026/1/11,0:30:54,2.53
2026/1/11,0:25:53,2.56
2026/1/11,0:20:52,2.52
2026/1/11,0:15:51,2.56
2026/1/11,0:10:50,2.49
2026/1/11,0:05:49,2.29
2026/1/11,0:00:48,2.4
2026/1/10,23:55:47,2.38
2026/1/10,23:50:46,2.47
2026/1/10,23:45:45,2.33
2026/1/10,23:40:44,2.4
2026/1/10,23:35:43,2.48
2026/1/10,23:30:42,2.47
2026/1/10,23:25:41,2.39
2026/1/10,23:20:40,2.51
2026/1/10,23:15:39,2.33
2026/1/10,23:10:38,2.35
2026/1/10,23:05:37,2.35
2026/1/10,23:00:36,2.32
2026/1/10,22:55:35,2.26
2026/1/10,22:50:34,2.27
2026/1/10,22:45:33,2.36
2026/1/10,22:40:32,2.21
2026/1/10,22:35:31,2.23
2026/1/10,22:30:30,2.2
2026/1/10,22:25:29,2.21
2026/1/10,22:20:28,2.21
2026/1/10,22:15:27,2.2
2026/1/10,22:10:26,2.21
2026/1/10,22:05:25,2.23
2026/1/10,22:00:24,2.21
2026/1/10,21:55:23,2.19
2026/1/10,21:50:22,2.19
2026/1/10,21:45:21,2.23
2026/1/10,21:40:20,2.18
2026/1/10,21:35:19,2.22
2026/1/10,21:30:18,2.22
2026/1/10,21:25:17,2.2
2026/1/10,21:20:16,2.22
2026/1/10,21:15:15,2.21
2026/1/10,21:10:14,2.22
2026/1/10,21:05:13,2.24
2026/1/10,21:00:12,2.19
2026/1/10,20:55:11,2.18
2026/1/10,20:50:10,2.19
2026/1/10,20:45:09,2.21
2026/1/10,20:40:08,2.26
2026/1/10,20:35:07,2.2
2026/1/10,20:30:06,2.19
2026/1/10,20:25:05,2.2
2026/1/10,20:20:04,2.21
2026/1/10,20:15:03,2.19
2026/1/10,20:10:02,2.21
2026/1/10,20:06:01,2.17
2026/1/10,20:01:00,2.22
2026/1/10,19:55:59,2.31
2026/1/10,19:50:58,2.2
2026/1/10,19:45:57,2.18
2026/1/10,19:40:56,2.23
2026/1/10,19:35:55,2.21
2026/1/10,19:30:54,2.22
2026/1/10,19:25:53,2.21
2026/1/10,19:20:52,2.2
2026/1/10,19:15:51,2.21
2026/1/10,19:10:50,2.22
2026/1/10,19:05:49,2.21
2026/1/10,19:00:48,2.2
2026/1/10,18:55:47,2.2
2026/1/10,18:50:46,2.19
2026/1/10,18:45:45,2.21
2026/1/10,18:40:44,2.19
2026/1/10,18:35:43,2.18
2026/1/10,18:30:42,2.2
2026/1/10,18:25:41,2.2
2026/1/10,18:20:40,2.19
2026/1/10,18:15:39,2.21
2026/1/10,18:10:38,2.22
2026/1/10,18:05:37,2.19
2026/1/10,18:00:36,2.21
2026/1/10,17:55:35,2.2
2026/1/10,17:50:34,2.2
2026/1/10,17:45:33,2.18
2026/1/10,17:40:32,2.21
2026/1/10,17:35:31,2.2
2026/1/10,17:30:30,2.19
2026/1/10,17:25:29,2.2
2026/1/10,17:20:28,2.2
2026/1/10,17:15:27,2.21
2026/1/10,17:10:26,2.18
2026/1/10,17:05:25,2.21
2026/1/10,17:00:24,2.2
2026/1/10,16:55:23,2.21
2026/1/10,16:50:22,2.2
2026/1/10,16:45:21,2.22
2026/1/10,16:40:20,2.2
2026/1/10,16:35:19,2.2
2026/1/10,16:30:18,2.26
2026/1/10,16:25:17,2.23
2026/1/10,16:20:16,2.23
2026/1/10,16:15:15,2.24
2026/1/10,16:10:14,2.29
2026/1/10,16:05:13,2.3
2026/1/10,16:00:12,2.25
2026/1/10,15:55:11,2.34
2026/1/10,15:50:10,2.23
2026/1/10,15:45:09,2.21
2026/1/10,15:40:08,2.24
2026/1/10,15:35:07,2.2
2026/1/10,15:30:06,2.29
2026/1/10,15:25:05,2.41
2026/1/10,15:20:04,2.28
2026/1/10,15:15:03,2.31
2026/1/10,15:10:02,2.3
2026/1/10,15:06:01,2.32
2026/1/10,15:01:00,2.34
2026/1/10,14:55:59,2.41
2026/1/10,14:50:58,2.3
2026/1/10,14:45:57,2.3
2026/1/10,14:40:56,2.33
2026/1/10,14:35:55,2.34
2026/1/10,14:30:54,2.25
2026/1/10,14:25:53,2.26
2026/1/10,14:20:52,2.26
2026/1/10,14:15:51,2.33
2026/1/10,14:10:50,2.3
2026/1/10,14:05:49,2.27
2026/1/10,14:00:48,2.27
2026/1/10,13:55:47,2.35
2026/1/10,13:50:46,2.29
2026/1/10,13:45:45,2.31
2026/1/10,13:40:44,2.28
2026/1/10,13:35:43,2.27
2026/1/10,13:30:42,2.23
2026/1/10,13:25:41,2.23
2026/1/10,13:20:40,2.27
2026/1/10,13:15:39,2.21
2026/1/10,13:10:38,2.2
2026/1/10,13:05:37,2.26
2026/1/10,13:00:36,2.23
2026/1/10,12:55:35,2.23
2026/1/10,12:50:34,2.2
2026/1/10,12:45:33,2.19
2026/1/10,12:40:32,2.23
2026/1/10,12:35:31,2.2
2026/1/10,12:30:30,2.21
2026/1/10,12:25:29,2.21
2026/1/10,12:20:28,2.2
2026/1/10,12:15:27,2.18
2026/1/10,12:10:26,2.19
2026/1/10,12:05:25,2.2
2026/1/10,12:00:24,2.2
2026/1/10,11:55:23,2.2
2026/1/10,11:50:22,2.22
2026/1/10,11:45:21,2.2
2026/1/10,11:40:20,2.21
2026/1/10,11:35:19,2.22
2026/1/10,11:30:18,2.19
2026/1/10,11:25:17,2.22
2026/1/10,11:20:16,2.21
2026/1/10,11:15:15,2.2
2026/1/10,11:10:14,2.2
2026/1/10,11:05:13,2.22
2026/1/10,11:00:12,2.21
2026/1/10,10:55:11,2.21
2026/1/10,10:50:10,2.23
2026/1/10,10:45:09,2.21
2026/1/10,10:40:08,2.26
2026/1/10,10:35:07,2.23
2026/1/10,10:30:06,2.31
2026/1/10,10:25:05,2.29
2026/1/10,10:20:04,2.23
2026/1/10,10:15:03,2.24
2026/1/10,10:10:02,2.26
2026/1/10,10:06:01,2.24
2026/1/10,10:01:00,2.23
2026/1/10,9:55:59,2.29
2026/1/10,9:50:58,2.22
2026/1/10,9:45:57,2.21
2026/1/10,9:40:56,2.21
2026/1/10,9:35:55,2.26
2026/1/10,9:30:54,2.26
2026/1/10,9:25:53,2.2
2026/1/10,9:20:52,2.2
2026/1/10,9:15:51,2.21
2026/1/10,9:10:50,2.25
2026/1/10,9:05:49,2.21
2026/1/10,9:00:48,2.24
2026/1/10,8:55:47,2.22
2026/1/10,8:50:46,2.3
2026/1/10,8:45:45,2.21
2026/1/10,8:40:44,2.21
2026/1/10,8:35:43,2.21
2026/1/10,8:30:42,2.22
2026/1/10,8:25:41,2.21
2026/1/10,8:20:40,2.22
2026/1/10,8:15:39,2.23
2026/1/10,8:10:38,2.26
2026/1/10,8:05:37,2.22
2026/1/10,8:00:36,2.22
2026/1/10,7:55:35,2.21
2026/1/10,7:50:34,2.24
2026/1/10,7:45:33,2.22
2026/1/10,7:40:32,2.23
2026/1/10,7:35:31,2.22
2026/1/10,7:30:30,2.25
2026/1/10,7:25:29,2.24
2026/1/10,7:20:28,2.27
2026/1/10,7:15:27,2.28
2026/1/10,7:10:26,2.28
2026/1/10,7:05:25,2.23
2026/1/10,7:00:24,2.24
2026/1/10,6:55:23,2.25
2026/1/10,6:50:22,2.25
2026/1/10,6:45:21,2.22
2026/1/10,6:40:20,2.19
2026/1/10,6:35:19,2.27
2026/1/10,6:30:18,2.28
2026/1/10,6:25:17,2.28
2026/1/10,6:20:16,2.28
2026/1/10,6:15:15,2.36
2026/1/10,6:10:14,2.34
2026/1/10,6:05:13,2.33
2026/1/10,6:00:12,2.34
2026/1/10,5:55:11,2.4
2026/1/10,5:50:10,2.39
2026/1/10,5:45:09,2.41
2026/1/10,5:40:08,2.44
2026/1/10,5:35:07,2.38
2026/1/10,5:30:06,2.4
2026/1/10,5:25:05,2.45
2026/1/10,5:20:04,2.51
2026/1/10,5:15:03,2.44
2026/1/10,5:10:02,2.53
2026/1/10,5:06:01,2.4
2026/1/10,5:01:00,2.53
2026/1/10,4:55:59,2.46
2026/1/10,4:50:58,2.56
2026/1/10,4:45:57,2.59
2026/1/10,4:40:56,2.6
2026/1/10,4:35:55,2.58
2026/1/10,4:30:54,2.42
2026/1/10,4:25:53,2.58
2026/1/10,4:20:52,2.49
2026/1/10,4:15:51,2.55
2026/1/10,4:10:50,2.59
2026/1/10,4:05:49,2.49
2026/1/10,4:00:48,2.62
2026/1/10,3:55:47,2.52
2026/1/10,3:50:46,2.51
2026/1/10,3:45:45,2.53
2026/1/10,3:40:44,2.47
2026/1/10,3:35:43,2.5
2026/1/10,3:30:42,2.61
2026/1/10,3:25:41,2.7
2026/1/10,3:20:40,2.66
2026/1/10,3:15:39,2.65
2026/1/10,3:10:38,2.66
2026/1/10,3:05:37,2.68
2026/1/10,3:00:36,2.65
2026/1/10,2:55:35,2.59
2026/1/10,2:50:34,2.53
2026/1/10,2:45:33,2.57
2026/1/10,2:40:32,2.62
2026/1/10,2:35:31,2.65
2026/1/10,2:30:30,2.57
2026/1/10,2:25:29,2.63
2026/1/10,2:20:28,2.59
2026/1/10,2:15:27,2.43
2026/1/10,2:10:26,2.6
2026/1/10,2:05:25,2.53
2026/1/10,2:00:24,2.6
2026/1/10,1:55:23,2.55
2026/1/10,1:50:22,2.49
2026/1/10,1:45:21,2.55
2026/1/10,1:40:20,2.6
2026/1/10,1:35:19,2.66
2026/1/10,1:30:18,2.58
2026/1/10,1:25:17,2.42
2026/1/10,1:20:16,2.28
2026/1/10,1:15:15,2.52
2026/1/10,1:10:14,2.38
2026/1/10,1:05:13,2.39
2026/1/10,1:00:12,2.47
2026/1/10,0:55:11,2.56
2026/1/10,0:50:10,2.4
2026/1/10,0:45:09,2.51
2026/1/10,0:40:08,2.48
2026/1/10,0:35:07,2.47
2026/1/10,0:30:06,2.47
2026/1/10,0:25:05,2.39
2026/1/10,0:20:04,2.31
2026/1/10,0:15:03,2.48
2026/1/10,0:10:02,2.42
2026/1/10,0:06:01,2.38
2026/1/10,0:01:00,2.45
