时间,恒大悦府-低压出站_35k压力量产一批0377#压力值(KPa)
2026-01-23 15:00:36,2.35
2026-01-23 14:55:35,2.34
2026-01-23 14:50:34,2.34
2026-01-23 14:45:33,2.37
2026-01-23 14:40:32,2.38
2026-01-23 14:35:31,2.40
2026-01-23 14:30:30,2.39
2026-01-23 14:25:29,2.37
2026-01-23 14:20:28,2.37
2026-01-23 14:15:27,2.37
2026-01-23 14:10:26,2.39
2026-01-23 14:05:25,2.37
2026-01-23 14:00:24,2.35
2026-01-23 13:55:23,2.34
2026-01-23 13:50:22,2.36
2026-01-23 13:45:21,2.35
2026-01-23 13:40:20,2.35
2026-01-23 13:35:19,2.37
2026-01-23 13:30:18,2.38
2026-01-23 13:25:17,2.34
2026-01-23 13:20:16,2.34
2026-01-23 13:15:15,2.35
2026-01-23 13:10:14,2.34
2026-01-23 13:05:13,2.33
2026-01-23 13:00:12,2.31
2026-01-23 12:55:11,2.31
2026-01-23 12:50:10,2.34
2026-01-23 12:45:09,2.33
2026-01-23 12:40:08,2.35
2026-01-23 12:35:07,2.34
2026-01-23 12:30:06,2.36
2026-01-23 12:25:05,2.34
2026-01-23 12:20:04,2.33
2026-01-23 12:15:03,2.31
2026-01-23 12:10:02,2.31
2026-01-23 12:06:01,2.30
2026-01-23 11:00:48,2.34
2026-01-23 10:55:47,2.32
2026-01-23 10:50:46,2.33
2026-01-23 10:45:45,2.33
2026-01-23 10:40:44,2.35
2026-01-23 10:35:43,2.34
2026-01-23 10:30:42,2.36
2026-01-23 10:25:41,2.33
2026-01-23 10:20:40,2.34
2026-01-23 10:15:39,2.33
2026-01-23 10:10:38,2.33
2026-01-23 10:05:37,2.37
2026-01-23 10:00:36,2.35
2026-01-23 09:55:35,2.34
2026-01-23 09:50:34,2.35
2026-01-23 09:45:33,2.34
2026-01-23 09:40:32,2.33
2026-01-23 09:35:31,2.35
2026-01-23 09:30:30,2.36
2026-01-23 09:25:29,2.32
2026-01-23 09:20:28,2.36
2026-01-23 09:15:27,2.35
2026-01-23 09:10:26,2.33
2026-01-23 09:05:25,2.33
2026-01-23 09:00:24,2.36
2026-01-23 08:55:23,2.36
2026-01-23 08:50:22,2.32
2026-01-23 08:45:21,2.36
2026-01-23 08:40:20,2.32
2026-01-23 08:35:19,2.34
2026-01-23 08:30:18,2.35
2026-01-23 08:25:17,2.33
2026-01-23 08:20:16,2.32
2026-01-23 08:15:15,2.34
2026-01-23 08:10:14,2.33
2026-01-23 08:05:13,2.33
2026-01-23 08:00:12,2.30
2026-01-23 07:55:11,2.31
2026-01-23 07:50:10,2.29
2026-01-23 07:45:09,2.32
2026-01-23 07:40:08,2.33
2026-01-23 07:35:07,2.34
2026-01-23 07:30:06,2.34
2026-01-23 07:25:05,2.34
2026-01-23 07:20:04,2.35
2026-01-23 07:15:03,2.32
2026-01-23 07:10:02,2.34
2026-01-23 07:06:01,2.34
2026-01-23 07:01:00,2.34
2026-01-23 06:55:59,2.32
2026-01-23 06:50:58,2.33
2026-01-23 06:45:57,2.35
2026-01-23 06:40:56,2.34
2026-01-23 06:35:55,2.34
2026-01-23 06:30:54,2.34
2026-01-23 06:25:53,2.35
2026-01-23 06:20:52,2.36
2026-01-23 06:15:51,2.36
2026-01-23 06:10:50,2.38
2026-01-23 06:05:49,2.37
2026-01-23 06:00:48,2.37
2026-01-23 05:55:47,2.38
2026-01-23 05:50:46,2.40
2026-01-23 05:45:45,2.41
2026-01-23 05:40:44,2.38
2026-01-23 05:35:43,2.41
2026-01-23 05:30:42,2.40
2026-01-23 05:25:41,2.39
2026-01-23 05:20:40,2.40
2026-01-23 05:15:39,2.41
2026-01-23 05:10:38,2.44
2026-01-23 05:05:37,2.39
2026-01-23 05:00:36,2.43
2026-01-23 04:55:35,2.44
2026-01-23 04:50:34,2.39
2026-01-23 04:45:33,2.41
2026-01-23 04:40:32,2.43
2026-01-23 04:35:31,2.40
2026-01-23 04:30:30,2.44
2026-01-23 04:25:29,2.48
2026-01-23 04:20:28,2.45
2026-01-23 04:15:27,2.39
2026-01-23 04:10:26,2.38
2026-01-23 04:05:25,2.41
2026-01-23 04:00:24,2.38
2026-01-23 03:55:23,2.42
2026-01-23 03:50:22,2.40
2026-01-23 03:45:21,2.47
2026-01-23 03:40:20,2.43
2026-01-23 03:35:19,2.41
2026-01-23 03:30:18,2.45
2026-01-23 03:25:17,2.47
2026-01-23 03:20:16,2.42
2026-01-23 03:15:15,2.42
2026-01-23 03:10:14,2.39
2026-01-23 03:05:13,2.48
2026-01-23 03:00:12,2.40
2026-01-23 02:55:11,2.46
2026-01-23 02:50:10,2.40
2026-01-23 02:45:09,2.42
2026-01-23 02:40:08,2.41
2026-01-23 02:35:07,2.38
2026-01-23 02:30:06,2.43
2026-01-23 02:25:05,2.41
2026-01-23 02:20:04,2.40
2026-01-23 02:15:03,2.39
2026-01-23 02:10:02,2.41
2026-01-23 02:06:01,2.41
2026-01-23 02:01:00,2.42
2026-01-23 01:55:59,2.40
2026-01-23 01:50:58,2.45
2026-01-23 01:45:57,2.42
2026-01-23 01:40:56,2.41
2026-01-23 01:35:55,2.41
2026-01-23 01:30:54,2.38
2026-01-23 01:25:53,2.48
2026-01-23 01:20:52,2.44
2026-01-23 01:15:51,2.44
2026-01-23 01:10:50,2.40
2026-01-23 01:05:49,2.41
2026-01-23 01:00:48,2.41
2026-01-23 00:55:47,2.40
2026-01-23 00:50:46,2.39
2026-01-23 00:45:45,2.37
2026-01-23 00:40:44,2.36
2026-01-23 00:35:43,2.39
2026-01-23 00:30:42,2.40
2026-01-23 00:25:41,2.37
2026-01-23 00:20:40,2.42
2026-01-23 00:15:39,2.38
2026-01-23 00:10:38,2.44
2026-01-23 00:05:37,2.44
2026-01-23 00:00:36,2.36
2026-01-22 23:55:35,2.39
2026-01-22 23:50:34,2.39
2026-01-22 23:45:33,2.39
2026-01-22 23:40:32,2.36
2026-01-22 23:35:31,2.38
2026-01-22 23:30:30,2.37
2026-01-22 23:25:29,2.36
2026-01-22 23:20:28,2.39
2026-01-22 23:15:27,2.38
2026-01-22 23:10:26,2.36
2026-01-22 23:05:25,2.39
2026-01-22 23:00:24,2.37
2026-01-22 22:55:23,2.41
2026-01-22 22:50:22,2.43
2026-01-22 22:45:21,2.37
2026-01-22 22:40:20,2.34
2026-01-22 22:35:19,2.35
2026-01-22 22:30:18,2.36
2026-01-22 22:25:17,2.35
2026-01-22 22:20:16,2.34
2026-01-22 22:15:15,2.35
2026-01-22 22:10:14,2.33
2026-01-22 22:05:13,2.33
2026-01-22 22:00:12,2.35
2026-01-22 21:55:11,2.36
2026-01-22 21:50:10,2.36
2026-01-22 21:45:09,2.33
2026-01-22 21:40:08,2.32
2026-01-22 21:35:07,2.34
2026-01-22 21:30:06,2.34
2026-01-22 21:25:05,2.34
2026-01-22 21:20:04,2.34
2026-01-22 21:15:03,2.33
2026-01-22 21:10:02,2.34
2026-01-22 21:06:01,2.33
2026-01-22 21:01:00,2.34
2026-01-22 20:55:59,2.31
2026-01-22 20:50:58,2.30
2026-01-22 20:45:57,2.33
2026-01-22 20:40:56,2.32
2026-01-22 20:35:55,2.32
2026-01-22 20:30:54,2.31
2026-01-22 20:25:53,2.33
2026-01-22 20:20:52,2.34
2026-01-22 20:15:51,2.32
2026-01-22 20:10:50,2.35
2026-01-22 20:05:49,2.33
2026-01-22 20:00:48,2.34
2026-01-22 19:55:47,2.30
2026-01-22 19:50:46,2.33
2026-01-22 19:45:45,2.36
2026-01-22 19:40:44,2.33
2026-01-22 19:35:43,2.33
2026-01-22 19:30:42,2.31
2026-01-22 19:25:41,2.31
2026-01-22 19:20:40,2.32
2026-01-22 19:15:39,2.32
2026-01-22 19:10:38,2.35
2026-01-22 19:05:37,2.33
2026-01-22 19:00:36,2.30
2026-01-22 18:55:35,2.34
2026-01-22 18:50:34,2.32
2026-01-22 18:45:33,2.33
2026-01-22 18:40:32,2.32
2026-01-22 18:35:31,2.30
2026-01-22 18:30:30,2.33
2026-01-22 18:25:29,2.31
2026-01-22 18:20:28,2.31
2026-01-22 18:15:27,2.33
2026-01-22 18:10:26,2.31
2026-01-22 18:05:25,2.32
2026-01-22 18:00:24,2.33
2026-01-22 17:55:23,2.31
2026-01-22 17:50:22,2.29
2026-01-22 17:45:21,2.30
2026-01-22 17:40:20,2.29
2026-01-22 17:35:19,2.32
2026-01-22 17:30:18,2.30
2026-01-22 17:25:17,2.31
2026-01-22 17:20:16,2.33
2026-01-22 17:15:15,2.31
2026-01-22 17:10:14,2.32
2026-01-22 17:05:13,2.31
2026-01-22 17:00:12,2.31
2026-01-22 16:55:11,2.31
2026-01-22 16:50:10,2.33
2026-01-22 16:45:09,2.34
2026-01-22 16:40:08,2.35
2026-01-22 16:35:07,2.35
2026-01-22 16:30:06,2.35
2026-01-22 16:25:05,2.36
2026-01-22 16:20:04,2.34
2026-01-22 16:15:03,2.34
2026-01-22 16:10:02,2.36
2026-01-22 16:06:01,2.35
2026-01-22 16:01:00,2.34
2026-01-22 15:55:59,2.37
2026-01-22 15:50:58,2.37
2026-01-22 15:45:57,2.37
2026-01-22 15:40:56,2.36
2026-01-22 15:35:55,2.35
2026-01-22 15:30:54,2.37
2026-01-22 15:25:53,2.37
2026-01-22 15:20:52,2.40
2026-01-22 15:15:51,2.37
2026-01-22 15:10:50,2.35
2026-01-22 15:05:49,2.37
2026-01-22 15:00:48,2.38
2026-01-22 14:55:47,2.36
2026-01-22 14:50:46,2.41
2026-01-22 14:45:45,2.36
2026-01-22 14:40:44,2.37
2026-01-22 14:35:43,2.37
2026-01-22 14:30:42,2.36
2026-01-22 14:25:41,2.35
2026-01-22 14:20:40,2.37
2026-01-22 14:15:39,2.37
2026-01-22 14:10:38,2.38
2026-01-22 14:05:37,2.35
2026-01-22 14:00:36,2.41
2026-01-22 13:55:35,2.36
2026-01-22 13:50:34,2.34
2026-01-22 13:45:33,2.35
2026-01-22 13:40:32,2.38
2026-01-22 13:35:31,2.34
2026-01-22 13:30:30,2.36
2026-01-22 13:25:29,2.34
2026-01-22 13:20:28,2.36
2026-01-22 13:15:27,2.37
2026-01-22 13:10:26,2.36
2026-01-22 13:05:25,2.34
2026-01-22 13:00:24,2.34
2026-01-22 12:55:23,2.34
2026-01-22 12:50:22,2.34
2026-01-22 12:45:21,2.36
2026-01-22 12:40:20,2.32
2026-01-22 12:35:19,2.34
2026-01-22 12:30:18,2.33
2026-01-22 12:25:17,2.32
2026-01-22 12:20:16,2.33
2026-01-22 12:15:15,2.31
2026-01-22 12:10:14,2.32
2026-01-22 12:05:13,2.33
2026-01-22 12:00:12,2.30
2026-01-22 11:55:11,2.31
2026-01-22 11:50:10,2.32
2026-01-22 11:45:09,2.30
2026-01-22 11:40:08,2.29
2026-01-22 11:35:07,2.31
2026-01-22 11:30:06,2.30
2026-01-22 11:25:05,2.31
2026-01-22 11:20:04,2.30
2026-01-22 11:15:03,2.32
2026-01-22 11:10:02,2.31
2026-01-22 11:06:01,2.34
2026-01-22 11:01:00,2.33
2026-01-22 10:55:59,2.35
2026-01-22 10:50:58,2.32
2026-01-22 10:45:57,2.34
2026-01-22 10:40:56,2.35
2026-01-22 10:35:55,2.33
2026-01-22 10:30:54,2.34
2026-01-22 10:25:53,2.33
2026-01-22 10:20:52,2.35
2026-01-22 10:15:51,2.34
2026-01-22 10:10:50,2.34
2026-01-22 10:05:49,2.37
2026-01-22 10:00:48,2.34
2026-01-22 09:55:47,2.34
2026-01-22 09:50:46,2.33
2026-01-22 09:45:45,2.35
2026-01-22 09:40:44,2.36
2026-01-22 09:35:43,2.38
2026-01-22 09:30:42,2.36
2026-01-22 09:25:41,2.37
2026-01-22 09:20:40,2.34
2026-01-22 09:15:39,2.36
2026-01-22 09:10:38,2.36
2026-01-22 09:05:37,2.34
2026-01-22 09:00:36,2.31
2026-01-22 08:55:35,2.34
2026-01-22 08:50:34,2.33
2026-01-22 08:45:33,2.33
2026-01-22 08:40:32,2.32
2026-01-22 08:35:31,2.34
2026-01-22 08:30:30,2.34
2026-01-22 08:25:29,2.34
2026-01-22 08:20:28,2.34
2026-01-22 08:15:27,2.33
2026-01-22 08:10:26,2.33
2026-01-22 08:05:25,2.34
2026-01-22 08:00:24,2.31
2026-01-22 07:55:23,2.33
2026-01-22 07:50:22,2.32
2026-01-22 07:45:21,2.33
2026-01-22 07:40:20,2.33
2026-01-22 07:35:19,2.33
2026-01-22 07:30:18,2.33
2026-01-22 07:25:17,2.33
2026-01-22 07:20:16,2.30
2026-01-22 07:15:15,2.32
2026-01-22 07:10:14,2.31
2026-01-22 07:05:13,2.33
2026-01-22 07:00:12,2.35
2026-01-22 06:55:11,2.32
2026-01-22 06:50:10,2.33
2026-01-22 06:45:09,2.36
2026-01-22 06:40:08,2.35
2026-01-22 06:35:07,2.35
2026-01-22 06:30:06,2.36
2026-01-22 06:25:05,2.36
2026-01-22 06:20:04,2.39
2026-01-22 06:15:03,2.40
2026-01-22 06:10:02,2.38
2026-01-22 06:06:01,2.37
2026-01-22 06:01:00,2.39
2026-01-22 05:55:59,2.39
2026-01-22 05:50:58,2.38
2026-01-22 05:45:57,2.41
2026-01-22 05:40:56,2.42
2026-01-22 05:35:55,2.40
2026-01-22 05:30:54,2.38
2026-01-22 05:25:53,2.43
2026-01-22 05:20:52,2.45
2026-01-22 05:15:51,2.43
2026-01-22 05:10:50,2.46
2026-01-22 05:05:49,2.43
2026-01-22 05:00:48,2.39
2026-01-22 04:55:47,2.45
2026-01-22 04:50:46,2.41
2026-01-22 04:45:45,2.42
2026-01-22 04:40:44,2.46
2026-01-22 04:35:43,2.43
2026-01-22 04:30:42,2.49
2026-01-22 04:25:41,2.48
2026-01-22 04:20:40,2.46
2026-01-22 04:15:39,2.45
2026-01-22 04:10:38,2.44
2026-01-22 04:05:37,2.44
2026-01-22 04:00:36,2.43
2026-01-22 03:55:35,2.41
2026-01-22 03:50:34,2.43
2026-01-22 03:45:33,2.41
2026-01-22 03:40:32,2.40
2026-01-22 03:35:31,2.45
2026-01-22 03:30:30,2.40
2026-01-22 03:25:29,2.44
2026-01-22 03:20:28,2.43
2026-01-22 03:15:27,2.43
2026-01-22 03:10:26,2.45
2026-01-22 03:05:25,2.39
2026-01-22 03:00:24,2.45
2026-01-22 02:55:23,2.41
2026-01-22 02:50:22,2.41
2026-01-22 02:45:21,2.44
2026-01-22 02:40:20,2.42
2026-01-22 02:35:19,2.47
2026-01-22 02:30:18,2.40
2026-01-22 02:25:17,2.42
2026-01-22 02:20:16,2.43
2026-01-22 02:15:15,2.49
2026-01-22 02:10:14,2.48
2026-01-22 02:05:13,2.44
2026-01-22 02:00:12,2.43
2026-01-22 01:55:11,2.40
2026-01-22 01:50:10,2.43
2026-01-22 01:45:09,2.40
2026-01-22 01:40:08,2.37
2026-01-22 01:35:07,2.41
2026-01-22 01:30:06,2.39
2026-01-22 01:25:05,2.47
2026-01-22 01:20:04,2.44
2026-01-22 01:15:03,2.42
2026-01-22 01:10:02,2.40
2026-01-22 01:06:01,2.42
2026-01-22 01:01:00,2.46
2026-01-22 00:55:59,2.40
2026-01-22 00:50:58,2.40
2026-01-22 00:45:57,2.38
2026-01-22 00:40:56,2.36
2026-01-22 00:35:55,2.40
2026-01-22 00:30:54,2.41
2026-01-22 00:25:53,2.41
2026-01-22 00:20:52,2.46
2026-01-22 00:15:51,2.38
2026-01-22 00:10:50,2.38
2026-01-22 00:05:49,2.36
2026-01-22 00:00:48,2.36
2026-01-21 23:55:47,2.42
2026-01-21 23:50:46,2.42
2026-01-21 23:45:45,2.36
2026-01-21 23:40:44,2.35
2026-01-21 23:35:43,2.37
2026-01-21 23:30:42,2.35
2026-01-21 23:25:41,2.38
2026-01-21 23:20:40,2.37
2026-01-21 23:15:39,2.37
2026-01-21 23:10:38,2.35
2026-01-21 23:05:37,2.37
2026-01-21 23:00:36,2.36
2026-01-21 22:55:35,2.35
2026-01-21 22:50:34,2.37
2026-01-21 22:45:33,2.38
2026-01-21 22:40:32,2.38
2026-01-21 22:35:31,2.38
2026-01-21 22:30:30,2.35
2026-01-21 22:25:29,2.35
2026-01-21 22:20:28,2.31
2026-01-21 22:15:27,2.31
2026-01-21 22:10:26,2.32
2026-01-21 22:05:25,2.33
2026-01-21 22:00:24,2.31
2026-01-21 21:55:23,2.33
2026-01-21 21:50:22,2.32
2026-01-21 21:45:21,2.31
2026-01-21 21:40:20,2.33
2026-01-21 21:35:19,2.32
2026-01-21 21:30:18,2.31
2026-01-21 21:25:17,2.32
2026-01-21 21:20:16,2.35
2026-01-21 21:15:15,2.33
2026-01-21 21:10:14,2.32
2026-01-21 21:05:13,2.30
2026-01-21 21:00:12,2.34
2026-01-21 20:55:11,2.34
2026-01-21 20:50:10,2.31
2026-01-21 20:45:09,2.34
2026-01-21 20:40:08,2.32
2026-01-21 20:35:07,2.32
2026-01-21 20:30:06,2.30
2026-01-21 20:25:05,2.34
2026-01-21 20:20:04,2.34
2026-01-21 20:15:03,2.34
2026-01-21 20:10:02,2.29
2026-01-21 20:06:01,2.30
2026-01-21 20:01:00,2.30
2026-01-21 19:55:59,2.31
2026-01-21 19:50:58,2.33
2026-01-21 19:45:57,2.31
2026-01-21 19:40:56,2.31
2026-01-21 19:35:55,2.32
2026-01-21 19:30:54,2.34
2026-01-21 19:25:53,2.32
2026-01-21 19:20:52,2.34
2026-01-21 19:15:51,2.32
2026-01-21 19:10:50,2.34
2026-01-21 19:05:49,2.32
2026-01-21 19:00:48,2.33
2026-01-21 18:55:47,2.32
2026-01-21 18:50:46,2.32
2026-01-21 18:45:45,2.31
2026-01-21 18:40:44,2.30
2026-01-21 18:35:43,2.30
2026-01-21 18:30:42,2.30
2026-01-21 18:25:41,2.32
2026-01-21 18:20:40,2.29
2026-01-21 18:15:39,2.32
2026-01-21 18:10:38,2.30
2026-01-21 18:05:37,2.30
2026-01-21 18:00:36,2.29
2026-01-21 17:55:35,2.32
2026-01-21 17:50:34,2.31
2026-01-21 17:45:33,2.33
2026-01-21 17:40:32,2.34
2026-01-21 17:35:31,2.30
2026-01-21 17:30:30,2.31
2026-01-21 17:25:29,2.33
2026-01-21 17:20:28,2.32
2026-01-21 17:15:27,2.32
2026-01-21 17:10:26,2.31
2026-01-21 17:05:25,2.32
2026-01-21 17:00:24,2.33
2026-01-21 16:55:23,2.36
2026-01-21 16:50:22,2.34
2026-01-21 16:45:21,2.36
2026-01-21 16:40:20,2.35
2026-01-21 16:35:19,2.34
2026-01-21 16:30:18,2.35
2026-01-21 16:25:17,2.35
2026-01-21 16:20:16,2.38
2026-01-21 16:15:15,2.38
2026-01-21 16:10:14,2.38
2026-01-21 16:05:13,2.35
2026-01-21 16:00:12,2.37
2026-01-21 15:55:11,2.38
2026-01-21 15:50:10,2.38
2026-01-21 15:45:09,2.38
2026-01-21 15:40:08,2.35
2026-01-21 15:35:07,2.34
2026-01-21 15:30:06,2.36
2026-01-21 15:25:05,2.37
2026-01-21 15:20:04,2.39
2026-01-21 15:15:03,2.35
2026-01-21 15:10:02,2.38
2026-01-21 15:06:01,2.34
2026-01-21 15:01:00,2.35
2026-01-21 14:55:59,2.35
2026-01-21 14:50:58,2.36
2026-01-21 14:45:57,2.35
2026-01-21 14:40:56,2.39
2026-01-21 14:35:55,2.38
2026-01-21 14:30:54,2.40
2026-01-21 14:25:53,2.35
2026-01-21 14:20:52,2.36
2026-01-21 14:15:51,2.35
2026-01-21 14:10:50,2.34
2026-01-21 14:05:49,2.36
2026-01-21 14:00:48,2.37
2026-01-21 13:55:47,2.35
2026-01-21 13:50:46,2.36
2026-01-21 13:45:45,2.36
2026-01-21 13:40:44,2.35
2026-01-21 13:35:43,2.37
2026-01-21 13:30:42,2.37
2026-01-21 13:25:41,2.37
2026-01-21 13:20:40,2.36
2026-01-21 13:15:39,2.37
2026-01-21 13:10:38,2.34
2026-01-21 13:05:37,2.35
2026-01-21 13:00:36,2.32
2026-01-21 12:55:35,2.34
2026-01-21 12:50:34,2.34
2026-01-21 12:45:33,2.34
2026-01-21 12:40:32,2.32
2026-01-21 12:35:31,2.36
2026-01-21 12:30:30,2.33
2026-01-21 12:25:29,2.32
2026-01-21 12:20:28,2.32
2026-01-21 12:15:27,2.32
2026-01-21 12:10:26,2.30
2026-01-21 12:05:25,2.33
2026-01-21 12:00:24,2.33
2026-01-21 11:55:23,2.31
2026-01-21 11:50:22,2.29
2026-01-21 11:45:21,2.30
2026-01-21 11:40:20,2.30
2026-01-21 11:35:19,2.31
2026-01-21 11:30:18,2.32
2026-01-21 11:25:17,2.31
2026-01-21 11:20:16,2.31
2026-01-21 11:15:15,2.29
2026-01-21 11:10:14,2.30
2026-01-21 11:05:13,2.30
2026-01-21 11:00:12,2.32
2026-01-21 10:55:11,2.32
2026-01-21 10:50:10,2.34
2026-01-21 10:45:09,2.33
2026-01-21 10:40:08,2.35
2026-01-21 10:35:07,2.32
2026-01-21 10:30:06,2.33
2026-01-21 10:25:05,2.36
2026-01-21 10:20:04,2.35
2026-01-21 10:15:03,2.35
2026-01-21 10:10:02,2.36
2026-01-21 10:06:01,2.34
2026-01-21 10:01:00,2.36
2026-01-21 09:55:59,2.35
2026-01-21 09:50:58,2.35
2026-01-21 09:45:57,2.34
2026-01-21 09:40:56,2.34
2026-01-21 09:35:55,2.34
2026-01-21 09:30:54,2.36
2026-01-21 09:25:53,2.37
2026-01-21 09:20:52,2.32
2026-01-21 09:15:51,2.34
2026-01-21 09:10:50,2.35
2026-01-21 09:05:49,2.33
2026-01-21 09:00:48,2.35
2026-01-21 08:55:47,2.37
2026-01-21 08:50:46,2.34
2026-01-21 08:45:45,2.34
2026-01-21 08:40:44,2.33
2026-01-21 08:35:43,2.36
2026-01-21 08:30:42,2.35
2026-01-21 08:25:41,2.35
2026-01-21 08:20:40,2.33
2026-01-21 08:15:39,2.32
2026-01-21 08:10:38,2.34
2026-01-21 08:05:37,2.36
2026-01-21 08:00:36,2.32
2026-01-21 07:55:35,2.32
2026-01-21 07:50:34,2.31
2026-01-21 07:45:33,2.33
2026-01-21 07:40:32,2.34
2026-01-21 07:35:31,2.32
2026-01-21 07:30:30,2.34
2026-01-21 07:25:29,2.32
2026-01-21 07:20:28,2.34
2026-01-21 07:15:27,2.31
2026-01-21 07:10:26,2.33
2026-01-21 07:05:25,2.32
2026-01-21 07:00:24,2.31
2026-01-21 06:55:23,2.34
2026-01-21 06:50:22,2.34
2026-01-21 06:45:21,2.36
2026-01-21 06:40:20,2.36
2026-01-21 06:35:19,2.34
2026-01-21 06:30:18,2.37
2026-01-21 06:25:17,2.37
2026-01-21 06:20:16,2.38
2026-01-21 06:15:15,2.36
2026-01-21 06:10:14,2.37
2026-01-21 06:05:13,2.37
2026-01-21 06:00:12,2.40
2026-01-21 05:55:11,2.37
2026-01-21 05:50:10,2.40
2026-01-21 05:45:09,2.41
2026-01-21 05:40:08,2.42
2026-01-21 05:35:07,2.40
2026-01-21 05:30:06,2.44
2026-01-21 05:25:05,2.45
2026-01-21 05:20:04,2.43
2026-01-21 05:15:03,2.39
2026-01-21 05:10:02,2.41
2026-01-21 05:06:01,2.43
2026-01-21 05:01:00,2.42
2026-01-21 04:55:59,2.41
2026-01-21 04:50:58,2.41
2026-01-21 04:45:57,2.38
2026-01-21 04:40:56,2.42
2026-01-21 04:35:55,2.42
2026-01-21 04:30:54,2.41
2026-01-21 04:25:53,2.47
2026-01-21 04:20:52,2.41
2026-01-21 04:15:51,2.44
2026-01-21 04:10:50,2.46
2026-01-21 04:05:49,2.47
2026-01-21 04:00:48,2.41
2026-01-21 03:55:47,2.43
2026-01-21 03:50:46,2.44
2026-01-21 03:45:45,2.41
2026-01-21 03:40:44,2.46
2026-01-21 03:35:43,2.45
2026-01-21 03:30:42,2.44
2026-01-21 03:25:41,2.48
2026-01-21 03:20:40,2.49
2026-01-21 03:15:39,2.49
2026-01-21 03:10:38,2.48
2026-01-21 03:05:37,2.46
2026-01-21 03:00:36,2.47
2026-01-21 02:55:35,2.47
2026-01-21 02:50:34,2.44
2026-01-21 02:45:33,2.42
2026-01-21 02:40:32,2.42
2026-01-21 02:35:31,2.48
2026-01-21 02:30:30,2.44
2026-01-21 02:25:29,2.44
2026-01-21 02:20:28,2.39
2026-01-21 02:15:27,2.45
2026-01-21 02:10:26,2.42
2026-01-21 02:05:25,2.41
2026-01-21 02:00:24,2.42
2026-01-21 01:55:23,2.43
2026-01-21 01:50:22,2.43
2026-01-21 01:45:21,2.39
2026-01-21 01:40:20,2.41
2026-01-21 01:35:19,2.42
2026-01-21 01:30:18,2.44
2026-01-21 01:25:17,2.43
2026-01-21 01:20:16,2.40
2026-01-21 01:15:15,2.40
2026-01-21 01:10:14,2.38
2026-01-21 01:05:13,2.41
2026-01-21 01:00:12,2.42
2026-01-21 00:55:11,2.42
2026-01-21 00:50:10,2.43
2026-01-21 00:45:09,2.44
2026-01-21 00:40:08,2.36
2026-01-21 00:35:07,2.40
2026-01-21 00:30:06,2.36
2026-01-21 00:25:05,2.41
2026-01-21 00:20:04,2.35
2026-01-21 00:15:03,2.39
2026-01-21 00:10:02,2.36
2026-01-21 00:06:01,2.35
2026-01-21 00:01:00,2.36
2026-01-20 23:55:59,2.35
2026-01-20 23:50:58,2.35
2026-01-20 23:45:57,2.42
2026-01-20 23:40:56,2.38
2026-01-20 23:35:55,2.38
2026-01-20 23:30:54,2.35
2026-01-20 23:25:53,2.38
2026-01-20 23:20:52,2.37
2026-01-20 23:15:51,2.40
2026-01-20 23:10:50,2.38
2026-01-20 23:05:49,2.37
2026-01-20 23:00:48,2.33
2026-01-20 22:55:47,2.35
2026-01-20 22:50:46,2.34
2026-01-20 22:45:45,2.36
2026-01-20 22:40:44,2.37
2026-01-20 22:35:43,2.35
2026-01-20 22:30:42,2.36
2026-01-20 22:25:41,2.33
2026-01-20 22:20:40,2.34
2026-01-20 22:15:39,2.35
2026-01-20 22:10:38,2.34
2026-01-20 22:05:37,2.34
2026-01-20 22:00:36,2.34
2026-01-20 21:55:35,2.33
2026-01-20 21:50:34,2.35
2026-01-20 21:45:33,2.36
2026-01-20 21:40:32,2.35
2026-01-20 21:35:31,2.32
2026-01-20 21:30:30,2.34
2026-01-20 21:25:29,2.31
2026-01-20 21:20:28,2.34
2026-01-20 21:15:27,2.32
2026-01-20 21:10:26,2.34
2026-01-20 21:05:25,2.33
2026-01-20 21:00:24,2.34
2026-01-20 20:55:23,2.34
2026-01-20 20:50:22,2.33
2026-01-20 20:45:21,2.32
2026-01-20 20:40:20,2.33
2026-01-20 20:35:19,2.35
2026-01-20 20:30:18,2.34
2026-01-20 20:25:17,2.32
2026-01-20 20:20:16,2.33
2026-01-20 20:15:15,2.31
2026-01-20 20:10:14,2.34
2026-01-20 20:05:13,2.36
2026-01-20 20:00:12,2.31
2026-01-20 19:55:11,2.37
2026-01-20 19:50:10,2.34
2026-01-20 19:45:09,2.32
2026-01-20 19:40:08,2.29
2026-01-20 19:35:07,2.33
2026-01-20 19:30:06,2.32
2026-01-20 19:25:05,2.32
2026-01-20 19:20:04,2.35
2026-01-20 19:15:03,2.35
2026-01-20 19:10:02,2.31
2026-01-20 19:06:01,2.32
2026-01-20 19:01:00,2.31
2026-01-20 18:55:59,2.31
2026-01-20 18:50:58,2.30
2026-01-20 18:45:57,2.32
2026-01-20 18:40:56,2.30
2026-01-20 18:35:55,2.30
2026-01-20 18:30:54,2.32
2026-01-20 18:25:53,2.33
2026-01-20 18:20:52,2.33
2026-01-20 18:15:51,2.30
2026-01-20 18:10:50,2.34
2026-01-20 18:05:49,2.31
2026-01-20 18:00:48,2.31
2026-01-20 17:55:47,2.30
2026-01-20 17:50:46,2.31
2026-01-20 17:45:45,2.30
2026-01-20 17:40:44,2.31
2026-01-20 17:35:43,2.31
2026-01-20 17:30:42,2.33
2026-01-20 17:25:41,2.31
2026-01-20 17:20:40,2.31
2026-01-20 17:15:39,2.31
2026-01-20 17:10:38,2.34
2026-01-20 17:05:37,2.31
2026-01-20 17:00:36,2.32
2026-01-20 16:55:35,2.34
2026-01-20 16:50:34,2.34
2026-01-20 16:45:33,2.34
2026-01-20 16:40:32,2.36
2026-01-20 16:35:31,2.35
2026-01-20 16:30:30,2.34
2026-01-20 16:25:29,2.36
2026-01-20 16:20:28,2.36
2026-01-20 16:15:27,2.35
2026-01-20 16:10:26,2.37
2026-01-20 16:05:25,2.36
2026-01-20 16:00:24,2.36
2026-01-20 15:55:23,2.35
2026-01-20 15:50:22,2.37
2026-01-20 15:45:21,2.36
2026-01-20 15:40:20,2.34
2026-01-20 15:35:19,2.37
2026-01-20 15:30:18,2.36
2026-01-20 15:25:17,2.38
2026-01-20 15:20:16,2.36
2026-01-20 15:15:15,2.39
2026-01-20 15:10:14,2.34
2026-01-20 15:05:13,2.38
2026-01-20 15:00:12,2.36
2026-01-20 14:55:11,2.38
2026-01-20 14:50:10,2.36
2026-01-20 14:45:09,2.36
2026-01-20 14:40:08,2.36
2026-01-20 14:35:07,2.37
2026-01-20 14:30:06,2.37
2026-01-20 14:25:05,2.35
2026-01-20 14:20:04,2.37
2026-01-20 14:15:03,2.36
2026-01-20 14:10:02,2.38
2026-01-20 14:06:01,2.36
2026-01-20 14:01:00,2.35
2026-01-20 13:55:59,2.35
2026-01-20 13:50:58,2.35
2026-01-20 13:45:57,2.35
2026-01-20 13:40:56,2.36
2026-01-20 13:35:55,2.36
2026-01-20 13:30:54,2.33
2026-01-20 13:25:53,2.36
2026-01-20 13:20:52,2.36
2026-01-20 13:15:51,2.35
2026-01-20 13:10:50,2.36
2026-01-20 13:05:49,2.34
2026-01-20 13:00:48,2.32
2026-01-20 12:55:47,2.34
2026-01-20 12:50:46,2.34
2026-01-20 12:45:45,2.33
2026-01-20 12:40:44,2.32
2026-01-20 12:35:43,2.36
2026-01-20 12:30:42,2.33
2026-01-20 12:25:41,2.32
2026-01-20 12:20:40,2.34
2026-01-20 12:15:39,2.32
2026-01-20 12:10:38,2.31
2026-01-20 12:05:37,2.34
2026-01-20 12:00:36,2.31
2026-01-20 11:55:35,2.32
2026-01-20 11:50:34,2.30
2026-01-20 11:45:33,2.31
2026-01-20 11:40:32,2.33
2026-01-20 11:35:31,2.31
2026-01-20 11:30:30,2.32
2026-01-20 11:25:29,2.29
2026-01-20 11:20:28,2.31
2026-01-20 11:15:27,2.31
2026-01-20 11:10:26,2.30
2026-01-20 11:05:25,2.29
2026-01-20 11:00:24,2.32
2026-01-20 10:55:23,2.36
2026-01-20 10:50:22,2.34
2026-01-20 10:45:21,2.35
2026-01-20 10:40:20,2.32
2026-01-20 10:35:19,2.35
2026-01-20 10:30:18,2.35
2026-01-20 10:25:17,2.34
2026-01-20 10:20:16,2.37
2026-01-20 10:15:15,2.34
2026-01-20 10:10:14,2.34
2026-01-20 10:05:13,2.36
2026-01-20 10:00:12,2.33
2026-01-20 09:55:11,2.33
2026-01-20 09:50:10,2.34
2026-01-20 09:45:09,2.36
2026-01-20 09:40:08,2.35
2026-01-20 09:35:07,2.36
2026-01-20 09:30:06,2.35
2026-01-20 09:25:05,2.35
2026-01-20 09:20:04,2.34
2026-01-20 09:15:03,2.33
2026-01-20 09:10:02,2.34
2026-01-20 09:06:01,2.36
2026-01-20 09:01:00,2.37
2026-01-20 08:55:59,2.34
2026-01-20 08:50:58,2.37
2026-01-20 08:45:57,2.35
2026-01-20 08:40:56,2.37
2026-01-20 08:35:55,2.36
2026-01-20 08:30:54,2.35
2026-01-20 08:25:53,2.34
2026-01-20 08:20:52,2.34
2026-01-20 08:15:51,2.33
2026-01-20 08:10:50,2.33
2026-01-20 08:05:49,2.33
2026-01-20 08:00:48,2.31
2026-01-20 07:55:47,2.30
2026-01-20 07:50:46,2.33
2026-01-20 07:45:45,2.31
2026-01-20 07:40:44,2.32
2026-01-20 07:35:43,2.31
2026-01-20 07:30:42,2.30
2026-01-20 07:25:41,2.30
2026-01-20 07:20:40,2.30
2026-01-20 07:15:39,2.32
2026-01-20 07:10:38,2.34
2026-01-20 07:05:37,2.33
2026-01-20 07:00:36,2.33
2026-01-20 06:55:35,2.32
2026-01-20 06:50:34,2.33
2026-01-20 06:45:33,2.34
2026-01-20 06:40:32,2.33
2026-01-20 06:35:31,2.35
2026-01-20 06:30:30,2.38
2026-01-20 06:25:29,2.33
2026-01-20 06:20:28,2.38
2026-01-20 06:15:27,2.37
2026-01-20 06:10:26,2.36
2026-01-20 06:05:25,2.36
2026-01-20 06:00:24,2.40
2026-01-20 05:55:23,2.35
2026-01-20 05:50:22,2.37
2026-01-20 05:45:21,2.36
2026-01-20 05:40:20,2.40
2026-01-20 05:35:19,2.43
2026-01-20 05:30:18,2.40
2026-01-20 05:25:17,2.39
2026-01-20 05:20:16,2.38
2026-01-20 05:15:15,2.39
2026-01-20 05:10:14,2.43
2026-01-20 05:05:13,2.45
2026-01-20 05:00:12,2.41
2026-01-20 04:55:11,2.40
2026-01-20 04:50:10,2.38
2026-01-20 04:45:09,2.42
2026-01-20 04:40:08,2.46
2026-01-20 04:35:07,2.51
2026-01-20 04:30:06,2.46
2026-01-20 04:25:05,2.47
2026-01-20 04:20:04,2.44
2026-01-20 04:15:03,2.41
2026-01-20 04:10:02,2.42
2026-01-20 04:05:01,2.45
2026-01-20 02:00:22,2.40
2026-01-20 01:55:21,2.42
2026-01-20 01:50:20,2.41
2026-01-20 01:45:19,2.44
2026-01-20 01:40:18,2.39
2026-01-20 01:35:17,2.41
2026-01-20 01:30:16,2.42
2026-01-20 01:25:15,2.41
2026-01-20 01:20:14,2.40
2026-01-20 01:15:13,2.39
2026-01-20 01:10:12,2.41
2026-01-20 01:06:11,2.38
2026-01-20 01:01:10,2.44
2026-01-20 00:56:09,2.41
2026-01-20 00:51:08,2.40
2026-01-20 00:46:07,2.40
2026-01-20 00:41:06,2.37
2026-01-20 00:36:05,2.39
2026-01-20 00:31:04,2.40
2026-01-20 00:26:03,2.38
2026-01-20 00:21:02,2.44
2026-01-20 00:16:01,2.39
2026-01-20 00:11:00,2.44
2026-01-20 00:05:59,2.42
2026-01-20 00:00:58,2.41
2026-01-19 23:55:57,2.38
2026-01-19 23:50:56,2.39
2026-01-19 23:45:55,2.39
2026-01-19 23:40:54,2.36
2026-01-19 23:35:53,2.40
2026-01-19 23:30:52,2.42
2026-01-19 23:25:51,2.38
2026-01-19 23:20:50,2.42
2026-01-19 23:15:49,2.39
2026-01-19 23:10:48,2.36
2026-01-19 23:05:47,2.36
2026-01-19 23:00:46,2.33
2026-01-19 22:55:45,2.34
2026-01-19 22:50:44,2.36
2026-01-19 22:45:43,2.33
2026-01-19 22:40:42,2.33
2026-01-19 22:35:41,2.34
2026-01-19 22:30:40,2.32
2026-01-19 22:25:39,2.36
2026-01-19 22:20:38,2.36
2026-01-19 22:15:37,2.38
2026-01-19 22:10:36,2.32
2026-01-19 22:05:35,2.32
2026-01-19 22:00:34,2.32
2026-01-19 21:55:33,2.35
2026-01-19 21:50:32,2.31
2026-01-19 21:45:31,2.32
2026-01-19 21:40:30,2.33
2026-01-19 21:35:29,2.33
2026-01-19 21:30:28,2.34
2026-01-19 21:25:27,2.34
2026-01-19 21:20:26,2.32
2026-01-19 21:15:25,2.33
2026-01-19 21:10:24,2.34
2026-01-19 21:05:23,2.32
2026-01-19 21:00:22,2.33
2026-01-19 20:55:21,2.34
2026-01-19 20:50:20,2.33
2026-01-19 20:45:19,2.34
2026-01-19 20:40:18,2.32
2026-01-19 20:35:17,2.34
2026-01-19 20:30:16,2.35
2026-01-19 20:25:15,2.32
2026-01-19 20:20:14,2.34
2026-01-19 20:15:13,2.31
2026-01-19 20:10:12,2.34
2026-01-19 20:06:11,2.33
2026-01-19 20:01:10,2.35
2026-01-19 19:56:09,2.33
2026-01-19 19:51:08,2.35
2026-01-19 19:46:07,2.33
2026-01-19 19:41:06,2.30
2026-01-19 19:36:05,2.33
2026-01-19 19:31:04,2.29
2026-01-19 19:26:03,2.33
2026-01-19 19:21:02,2.30
2026-01-19 19:16:01,2.33
2026-01-19 19:11:00,2.32
2026-01-19 19:05:59,2.31
2026-01-19 19:00:58,2.32
2026-01-19 18:55:57,2.32
2026-01-19 18:50:56,2.33
2026-01-19 18:45:55,2.34
2026-01-19 18:40:54,2.30
2026-01-19 18:35:53,2.30
2026-01-19 18:30:52,2.33
2026-01-19 18:25:51,2.29
2026-01-19 18:20:50,2.30
2026-01-19 18:15:49,2.31
2026-01-19 18:10:48,2.31
2026-01-19 18:05:47,2.30
2026-01-19 18:00:46,2.30
2026-01-19 17:55:45,2.29
2026-01-19 17:50:44,2.30
2026-01-19 17:45:43,2.28
2026-01-19 17:40:42,2.29
2026-01-19 17:35:41,2.29
2026-01-19 17:30:40,2.31
2026-01-19 17:25:39,2.31
2026-01-19 17:20:38,2.28
2026-01-19 17:15:37,2.29
2026-01-19 17:10:36,2.29
2026-01-19 17:05:35,2.30
2026-01-19 17:00:34,2.32
2026-01-19 16:55:33,2.32
2026-01-19 16:50:32,2.32
2026-01-19 16:45:31,2.32
2026-01-19 16:40:30,2.33
2026-01-19 16:35:29,2.35
2026-01-19 16:30:28,2.36
2026-01-19 16:25:27,2.35
2026-01-19 16:20:26,2.36
2026-01-19 16:15:25,2.36
2026-01-19 16:10:24,2.34
2026-01-19 16:05:23,2.34
2026-01-19 16:00:22,2.36
2026-01-19 15:55:21,2.34
2026-01-19 15:50:20,2.41
2026-01-19 15:45:19,2.39
2026-01-19 15:40:18,2.37
2026-01-19 15:35:17,2.35
2026-01-19 15:30:16,2.39
2026-01-19 15:25:15,2.35
2026-01-19 15:20:14,2.34
2026-01-19 15:15:13,2.36
2026-01-19 15:10:12,2.35
2026-01-19 15:06:11,2.35
2026-01-19 15:01:10,2.33
2026-01-19 14:56:09,2.34
2026-01-19 14:51:08,2.37
2026-01-19 14:46:07,2.36
2026-01-19 14:41:06,2.37
2026-01-19 14:36:05,2.37
2026-01-19 14:31:04,2.35
2026-01-19 14:26:03,2.36
2026-01-19 14:21:02,2.36
2026-01-19 14:16:01,2.34
2026-01-19 14:11:00,2.37
2026-01-19 14:05:59,2.38
2026-01-19 14:00:58,2.38
2026-01-19 13:55:57,2.36
2026-01-19 13:50:56,2.36
2026-01-19 13:45:55,2.36
2026-01-19 13:40:54,2.36
2026-01-19 13:35:53,2.35
2026-01-19 13:30:52,2.33
2026-01-19 13:25:51,2.34
2026-01-19 13:20:50,2.36
2026-01-19 13:15:49,2.34
2026-01-19 13:10:48,2.36
2026-01-19 13:05:47,2.36
2026-01-19 13:00:46,2.34
2026-01-19 12:55:45,2.35
2026-01-19 12:50:44,2.35
2026-01-19 12:45:43,2.33
2026-01-19 12:40:42,2.35
2026-01-19 12:35:41,2.34
2026-01-19 12:30:40,2.32
2026-01-19 12:25:39,2.33
2026-01-19 12:20:38,2.32
2026-01-19 12:15:37,2.33
2026-01-19 12:10:36,2.31
2026-01-19 12:05:35,2.32
2026-01-19 12:00:34,2.31
2026-01-19 11:55:33,2.31
2026-01-19 11:50:32,2.30
2026-01-19 11:45:31,2.30
2026-01-19 11:40:30,2.30
2026-01-19 11:35:29,2.29
2026-01-19 11:30:28,2.32
2026-01-19 11:25:27,2.31
2026-01-19 11:20:26,2.33
2026-01-19 11:15:25,2.31
2026-01-19 11:10:24,2.32
2026-01-19 11:05:23,2.34
2026-01-19 11:00:22,2.32
2026-01-19 10:55:21,2.35
2026-01-19 10:50:20,2.33
2026-01-19 10:45:19,2.32
2026-01-19 10:40:18,2.35
2026-01-19 10:35:17,2.36
2026-01-19 10:30:16,2.32
2026-01-19 10:25:15,2.35
2026-01-19 10:20:14,2.32
2026-01-19 10:15:13,2.34
2026-01-19 10:10:12,2.34
2026-01-19 10:06:11,2.36
2026-01-19 10:01:10,2.34
2026-01-19 09:56:09,2.33
2026-01-19 09:51:08,2.35
2026-01-19 09:46:07,2.35
2026-01-19 09:41:06,2.34
2026-01-19 09:36:05,2.34
2026-01-19 09:31:04,2.33
2026-01-19 09:26:03,2.33
2026-01-19 09:21:02,2.33
2026-01-19 09:16:01,2.33
2026-01-19 09:11:00,2.34
2026-01-19 09:05:59,2.32
2026-01-19 09:00:58,2.35
2026-01-19 08:55:57,2.35
2026-01-19 08:50:56,2.35
2026-01-19 08:45:55,2.36
2026-01-19 08:40:54,2.33
2026-01-19 08:35:53,2.33
2026-01-19 08:30:52,2.33
2026-01-19 08:25:51,2.34
2026-01-19 08:20:50,2.31
2026-01-19 08:15:49,2.32
2026-01-19 08:10:48,2.33
2026-01-19 08:05:47,2.33
2026-01-19 08:00:46,2.33
2026-01-19 07:55:45,2.31
2026-01-19 07:50:44,2.33
2026-01-19 07:45:43,2.32
2026-01-19 07:40:42,2.33
2026-01-19 07:35:41,2.32
2026-01-19 07:30:40,2.32
2026-01-19 07:25:39,2.35
2026-01-19 07:20:38,2.34
2026-01-19 07:15:37,2.33
2026-01-19 07:10:36,2.33
2026-01-19 07:05:35,2.32
2026-01-19 07:00:34,2.34
2026-01-19 06:55:33,2.33
2026-01-19 06:50:32,2.33
2026-01-19 06:45:31,2.30
2026-01-19 06:40:30,2.35
2026-01-19 06:35:29,2.33
2026-01-19 06:30:28,2.32
2026-01-19 06:25:27,2.35
2026-01-19 06:20:26,2.35
2026-01-19 06:15:25,2.35
2026-01-19 06:10:24,2.37
2026-01-19 06:05:23,2.36
2026-01-19 06:00:22,2.39
2026-01-19 05:55:21,2.40
2026-01-19 05:50:20,2.40
2026-01-19 05:45:19,2.37
2026-01-19 05:40:18,2.35
2026-01-19 05:35:17,2.43
2026-01-19 05:30:16,2.40
2026-01-19 05:25:15,2.42
2026-01-19 05:20:14,2.39
2026-01-19 05:15:13,2.44
2026-01-19 05:10:12,2.42
2026-01-19 05:06:11,2.40
2026-01-19 05:01:10,2.43
2026-01-19 04:56:09,2.42
2026-01-19 04:51:08,2.43
2026-01-19 04:46:07,2.44
2026-01-19 04:41:06,2.43
2026-01-19 04:36:05,2.39
2026-01-19 04:31:04,2.42
2026-01-19 04:26:03,2.39
2026-01-19 04:21:02,2.42
2026-01-19 04:16:01,2.41
2026-01-19 04:11:00,2.45
2026-01-19 04:05:59,2.44
2026-01-19 04:00:58,2.46
2026-01-19 03:55:57,2.41
2026-01-19 03:50:56,2.41
2026-01-19 03:45:55,2.40
2026-01-19 03:40:54,2.47
2026-01-19 03:35:53,2.42
2026-01-19 03:30:52,2.42
2026-01-19 03:25:51,2.44
2026-01-19 03:20:50,2.41
2026-01-19 03:15:49,2.44
2026-01-19 03:10:48,2.43
2026-01-19 03:05:47,2.42
2026-01-19 03:00:46,2.46
2026-01-19 02:55:45,2.42
2026-01-19 02:50:44,2.43
2026-01-19 02:45:43,2.47
2026-01-19 02:40:42,2.45
2026-01-19 02:35:41,2.39
2026-01-19 02:30:40,2.45
2026-01-19 02:25:39,2.44
2026-01-19 02:20:38,2.45
2026-01-19 02:15:37,2.49
2026-01-19 02:10:36,2.47
2026-01-19 02:05:35,2.42
2026-01-19 02:00:34,2.38
2026-01-19 01:55:33,2.42
2026-01-19 01:50:32,2.39
2026-01-19 01:45:31,2.39
2026-01-19 01:40:30,2.40
2026-01-19 01:35:29,2.40
2026-01-19 01:30:28,2.39
2026-01-19 01:25:27,2.47
2026-01-19 01:20:26,2.46
2026-01-19 01:15:25,2.39
2026-01-19 01:10:24,2.42
2026-01-19 01:05:23,2.40
2026-01-19 01:00:22,2.42
2026-01-19 00:55:21,2.38
2026-01-19 00:50:20,2.40
2026-01-19 00:45:19,2.40
2026-01-19 00:40:18,2.43
2026-01-19 00:35:17,2.41
2026-01-19 00:30:16,2.41
2026-01-19 00:25:15,2.39
2026-01-19 00:20:14,2.42
2026-01-19 00:15:13,2.38
2026-01-19 00:10:12,2.37
2026-01-19 00:06:11,2.42
2026-01-19 00:01:10,2.38
2026-01-18 23:56:09,2.36
2026-01-18 23:51:08,2.36
2026-01-18 23:46:07,2.38
2026-01-18 23:41:06,2.41
2026-01-18 23:36:05,2.36
2026-01-18 23:31:04,2.37
2026-01-18 23:26:03,2.39
2026-01-18 23:21:02,2.38
2026-01-18 23:16:01,2.35
2026-01-18 23:11:00,2.38
2026-01-18 23:05:59,2.39
2026-01-18 23:00:58,2.41
2026-01-18 22:55:57,2.35
2026-01-18 22:50:56,2.33
2026-01-18 22:45:55,2.33
2026-01-18 22:40:54,2.34
2026-01-18 22:35:53,2.39
2026-01-18 22:30:52,2.33
2026-01-18 22:25:51,2.35
2026-01-18 22:20:50,2.35
2026-01-18 22:15:49,2.34
2026-01-18 22:10:48,2.36
2026-01-18 22:05:47,2.33
2026-01-18 22:00:46,2.32
2026-01-18 21:55:45,2.32
2026-01-18 21:50:44,2.33
2026-01-18 21:45:43,2.32
2026-01-18 21:40:42,2.35
2026-01-18 21:35:41,2.36
2026-01-18 21:30:40,2.32
2026-01-18 21:25:39,2.33
2026-01-18 21:20:38,2.30
2026-01-18 21:15:37,2.31
2026-01-18 21:10:36,2.31
2026-01-18 21:05:35,2.32
2026-01-18 21:00:34,2.32
2026-01-18 20:55:33,2.30
2026-01-18 20:50:32,2.30
2026-01-18 20:45:31,2.28
2026-01-18 20:40:30,2.32
2026-01-18 20:35:29,2.31
2026-01-18 20:30:28,2.30
2026-01-18 20:25:27,2.29
2026-01-18 20:20:26,2.31
2026-01-18 20:15:25,2.32
2026-01-18 20:10:24,2.32
2026-01-18 20:05:23,2.31
2026-01-18 20:00:22,2.32
2026-01-18 19:55:21,2.30
2026-01-18 19:50:20,2.33
2026-01-18 19:45:19,2.30
2026-01-18 19:40:18,2.33
2026-01-18 19:35:17,2.34
2026-01-18 19:30:16,2.33
2026-01-18 19:25:15,2.32
2026-01-18 19:20:14,2.31
2026-01-18 19:15:13,2.35
2026-01-18 19:10:12,2.32
2026-01-18 19:06:11,2.34
2026-01-18 19:01:10,2.31
2026-01-18 18:56:09,2.31
2026-01-18 18:51:08,2.33
2026-01-18 18:46:07,2.30
2026-01-18 18:41:06,2.31
2026-01-18 18:36:05,2.30
2026-01-18 18:31:04,2.32
2026-01-18 18:26:03,2.32
2026-01-18 18:21:02,2.33
2026-01-18 18:16:01,2.29
2026-01-18 18:11:00,2.31
2026-01-18 18:05:59,2.29
2026-01-18 18:00:58,2.28
2026-01-18 17:55:57,2.32
2026-01-18 17:50:56,2.30
2026-01-18 17:45:55,2.30
2026-01-18 17:40:54,2.29
2026-01-18 17:35:53,2.31
2026-01-18 17:30:52,2.29
2026-01-18 17:25:51,2.32
2026-01-18 17:20:50,2.31
2026-01-18 17:15:49,2.30
2026-01-18 17:10:48,2.32
2026-01-18 17:05:47,2.33
2026-01-18 17:00:46,2.34
2026-01-18 16:55:45,2.33
2026-01-18 16:50:44,2.32
2026-01-18 16:45:43,2.34
2026-01-18 16:40:42,2.33
2026-01-18 16:35:41,2.34
2026-01-18 16:30:40,2.35
2026-01-18 16:25:39,2.33
2026-01-18 16:20:38,2.34
2026-01-18 16:15:37,2.32
2026-01-18 16:10:36,2.35
2026-01-18 16:05:35,2.33
2026-01-18 16:00:34,2.36
2026-01-18 15:55:33,2.33
2026-01-18 15:50:32,2.33
2026-01-18 15:45:31,2.34
2026-01-18 15:40:30,2.36
2026-01-18 15:35:29,2.35
2026-01-18 15:30:28,2.34
2026-01-18 15:25:27,2.34
2026-01-18 15:20:26,2.33
2026-01-18 15:15:25,2.33
2026-01-18 15:10:24,2.34
2026-01-18 15:05:23,2.33
2026-01-18 15:00:22,2.32
2026-01-18 14:55:21,2.34
2026-01-18 14:50:20,2.35
2026-01-18 14:45:19,2.35
2026-01-18 14:40:18,2.35
2026-01-18 14:35:17,2.35
2026-01-18 14:30:16,2.35
2026-01-18 14:25:15,2.36
2026-01-18 14:20:14,2.36
2026-01-18 14:15:13,2.36
2026-01-18 14:10:12,2.34
2026-01-18 14:06:11,2.35
2026-01-18 14:01:10,2.34
2026-01-18 13:56:09,2.35
2026-01-18 13:51:08,2.36
2026-01-18 13:46:07,2.36
2026-01-18 13:41:06,2.32
2026-01-18 13:36:05,2.36
2026-01-18 13:31:04,2.34
2026-01-18 13:26:03,2.36
2026-01-18 13:21:02,2.33
2026-01-18 13:16:01,2.36
2026-01-18 13:11:00,2.32
2026-01-18 13:05:59,2.31
2026-01-18 13:00:58,2.32
2026-01-18 12:55:57,2.35
2026-01-18 12:50:56,2.31
2026-01-18 12:45:55,2.33
2026-01-18 12:40:54,2.32
2026-01-18 12:35:53,2.33
2026-01-18 12:30:52,2.32
2026-01-18 12:25:51,2.35
2026-01-18 12:20:50,2.33
2026-01-18 12:15:49,2.32
2026-01-18 12:10:48,2.30
2026-01-18 12:05:47,2.31
2026-01-18 12:00:46,2.32
2026-01-18 11:55:45,2.29
2026-01-18 11:50:44,2.32
2026-01-18 11:45:43,2.29
2026-01-18 11:40:42,2.29
2026-01-18 11:35:41,2.26
2026-01-18 11:30:40,2.31
2026-01-18 11:25:39,2.32
2026-01-18 11:20:38,2.31
2026-01-18 11:15:37,2.31
2026-01-18 11:10:36,2.29
2026-01-18 11:05:35,2.33
2026-01-18 11:00:34,2.30
2026-01-18 10:55:33,2.33
2026-01-18 10:50:32,2.33
2026-01-18 10:45:31,2.30
2026-01-18 10:40:30,2.32
2026-01-18 10:35:29,2.31
2026-01-18 10:30:28,2.31
2026-01-18 10:25:27,2.33
2026-01-18 10:20:26,2.31
2026-01-18 10:15:25,2.32
2026-01-18 10:10:24,2.33
2026-01-18 10:05:23,2.34
2026-01-18 10:00:22,2.30
2026-01-18 09:55:21,2.34
2026-01-18 09:50:20,2.29
2026-01-18 09:45:19,2.29
2026-01-18 09:40:18,2.34
2026-01-18 09:35:17,2.31
2026-01-18 09:30:16,2.32
2026-01-18 09:25:15,2.32
2026-01-18 09:20:14,2.31
2026-01-18 09:15:13,2.33
2026-01-18 09:10:12,2.32
2026-01-18 09:06:11,2.31
2026-01-18 09:01:10,2.30
2026-01-18 08:56:09,2.33
2026-01-18 08:51:08,2.32
2026-01-18 08:46:07,2.35
2026-01-18 08:41:06,2.31
2026-01-18 08:36:05,2.33
2026-01-18 08:31:04,2.33
2026-01-18 08:26:03,2.33
2026-01-18 08:21:02,2.31
2026-01-18 08:16:01,2.30
2026-01-18 08:11:00,2.32
2026-01-18 08:05:59,2.30
2026-01-18 08:00:58,2.30
2026-01-18 07:55:57,2.33
2026-01-18 07:50:56,2.34
2026-01-18 07:45:55,2.34
2026-01-18 07:40:54,2.33
2026-01-18 07:35:53,2.35
2026-01-18 07:30:52,2.33
2026-01-18 07:25:51,2.34
2026-01-18 07:20:50,2.34
2026-01-18 07:15:49,2.34
2026-01-18 07:10:48,2.35
2026-01-18 07:05:47,2.33
2026-01-18 07:00:46,2.36
2026-01-18 06:55:45,2.36
2026-01-18 06:50:44,2.35
2026-01-18 06:45:43,2.36
2026-01-18 06:40:42,2.39
2026-01-18 06:35:41,2.36
2026-01-18 06:30:40,2.39
2026-01-18 06:25:39,2.38
2026-01-18 06:20:38,2.36
2026-01-18 06:15:37,2.37
2026-01-18 06:10:36,2.36
2026-01-18 06:05:35,2.38
2026-01-18 06:00:34,2.39
2026-01-18 05:55:33,2.37
2026-01-18 05:50:32,2.40
2026-01-18 05:45:31,2.44
2026-01-18 05:40:30,2.39
2026-01-18 05:35:29,2.42
2026-01-18 05:30:28,2.39
2026-01-18 05:25:27,2.43
2026-01-18 05:20:26,2.40
2026-01-18 05:15:25,2.41
2026-01-18 05:10:24,2.44
2026-01-18 05:05:23,2.46
2026-01-18 05:00:22,2.48
2026-01-18 04:55:21,2.47
2026-01-18 04:50:20,2.46
2026-01-18 04:45:19,2.48
2026-01-18 04:40:18,2.45
2026-01-18 04:35:17,2.45
2026-01-18 04:30:16,2.42
2026-01-18 04:25:15,2.40
2026-01-18 04:20:14,2.41
2026-01-18 04:15:13,2.46
2026-01-18 04:10:12,2.39
2026-01-18 04:06:11,2.43
2026-01-18 04:01:10,2.40
2026-01-18 03:56:09,2.40
2026-01-18 03:51:08,2.45
2026-01-18 03:46:07,2.41
2026-01-18 03:41:06,2.47
2026-01-18 03:36:05,2.45
2026-01-18 03:31:04,2.43
2026-01-18 03:26:03,2.39
2026-01-18 03:21:02,2.38
2026-01-18 03:16:01,2.39
2026-01-18 03:11:00,2.39
2026-01-18 03:05:59,2.42
2026-01-18 03:00:58,2.47
2026-01-18 02:55:57,2.42
2026-01-18 02:50:56,2.45
2026-01-18 02:45:55,2.44
2026-01-18 02:40:54,2.38
2026-01-18 02:35:53,2.38
2026-01-18 02:30:52,2.41
2026-01-18 02:25:51,2.40
2026-01-18 02:20:50,2.44
2026-01-18 02:15:49,2.44
2026-01-18 02:10:48,2.42
2026-01-18 02:05:47,2.43
2026-01-18 02:00:46,2.40
2026-01-18 01:55:45,2.40
2026-01-18 01:50:44,2.38
2026-01-18 01:45:43,2.39
2026-01-18 01:40:42,2.44
2026-01-18 01:35:41,2.46
2026-01-18 01:30:40,2.41
2026-01-18 01:25:39,2.37
2026-01-18 01:20:38,2.39
2026-01-18 01:15:37,2.41
2026-01-18 01:10:36,2.44
2026-01-18 01:05:35,2.41
2026-01-18 01:00:34,2.38
2026-01-18 00:55:33,2.38
2026-01-18 00:50:32,2.42
2026-01-18 00:45:31,2.35
2026-01-18 00:40:30,2.36
2026-01-18 00:35:29,2.37
2026-01-18 00:30:28,2.42
2026-01-18 00:25:27,2.37
2026-01-18 00:20:26,2.42
2026-01-18 00:15:25,2.38
2026-01-18 00:10:24,2.36
2026-01-18 00:05:23,2.36
2026-01-18 00:00:22,2.38
2026-01-17 23:55:21,2.35
2026-01-17 23:50:20,2.35
2026-01-17 23:45:19,2.34
2026-01-17 23:40:18,2.39
2026-01-17 23:35:17,2.35
2026-01-17 23:30:16,2.41
2026-01-17 23:25:15,2.36
2026-01-17 23:20:14,2.37
2026-01-17 23:15:13,2.35
2026-01-17 23:10:12,2.35
2026-01-17 23:06:11,2.33
2026-01-17 23:01:10,2.34
2026-01-17 22:56:09,2.34
2026-01-17 22:51:08,2.37
2026-01-17 22:46:07,2.35
2026-01-17 22:41:06,2.34
2026-01-17 22:36:05,2.36
2026-01-17 22:31:04,2.36
2026-01-17 22:26:03,2.36
2026-01-17 22:21:02,2.32
2026-01-17 22:16:01,2.35
2026-01-17 22:11:00,2.38
2026-01-17 22:05:59,2.36
2026-01-17 22:00:58,2.34
2026-01-17 21:55:57,2.33
2026-01-17 21:50:56,2.35
2026-01-17 21:45:55,2.34
2026-01-17 21:40:54,2.34
2026-01-17 21:35:53,2.34
2026-01-17 21:30:52,2.32
2026-01-17 21:25:51,2.35
2026-01-17 21:20:50,2.31
2026-01-17 21:15:49,2.31
2026-01-17 21:10:48,2.31
2026-01-17 21:05:47,2.32
2026-01-17 21:00:46,2.30
2026-01-17 20:55:45,2.34
2026-01-17 20:50:44,2.35
2026-01-17 20:45:43,2.33
2026-01-17 20:40:42,2.31
2026-01-17 20:35:41,2.30
2026-01-17 20:30:40,2.33
2026-01-17 20:25:39,2.35
2026-01-17 20:20:38,2.35
2026-01-17 20:15:37,2.33
2026-01-17 20:10:36,2.34
2026-01-17 20:05:35,2.33
2026-01-17 20:00:34,2.32
2026-01-17 19:55:33,2.33
2026-01-17 19:50:32,2.34
2026-01-17 19:45:31,2.31
2026-01-17 19:40:30,2.32
2026-01-17 19:35:29,2.33
2026-01-17 19:30:28,2.33
2026-01-17 19:25:27,2.33
2026-01-17 19:20:26,2.36
2026-01-17 19:15:25,2.34
2026-01-17 19:10:24,2.34
2026-01-17 19:05:23,2.32
2026-01-17 19:00:22,2.34
2026-01-17 18:55:21,2.31
2026-01-17 18:50:20,2.31
2026-01-17 18:45:19,2.33
2026-01-17 18:40:18,2.31
2026-01-17 18:35:17,2.32
2026-01-17 18:30:16,2.33
2026-01-17 18:25:15,2.32
2026-01-17 18:20:14,2.33
2026-01-17 18:15:13,2.32
2026-01-17 18:10:12,2.32
2026-01-17 18:06:11,2.31
2026-01-17 18:01:10,2.32
2026-01-17 17:56:09,2.28
2026-01-17 17:51:08,2.31
2026-01-17 17:46:07,2.31
2026-01-17 17:41:06,2.31
2026-01-17 17:36:05,2.32
2026-01-17 17:31:04,2.29
2026-01-17 17:26:03,2.30
2026-01-17 17:21:02,2.30
2026-01-17 17:16:01,2.33
2026-01-17 17:11:00,2.33
2026-01-17 17:05:59,2.30
2026-01-17 17:00:58,2.30
2026-01-17 16:55:57,2.31
2026-01-17 16:50:56,2.34
2026-01-17 16:45:55,2.35
2026-01-17 16:40:54,2.34
2026-01-17 16:35:53,2.33
2026-01-17 16:30:52,2.33
2026-01-17 16:25:51,2.36
2026-01-17 16:20:50,2.36
2026-01-17 16:15:49,2.35
2026-01-17 16:10:48,2.33
2026-01-17 16:05:47,2.32
2026-01-17 16:00:46,2.35
2026-01-17 15:55:45,2.37
2026-01-17 15:50:44,2.37
2026-01-17 15:45:43,2.36
2026-01-17 15:40:42,2.36
2026-01-17 15:35:41,2.37
2026-01-17 15:30:40,2.34
2026-01-17 15:25:39,2.35
2026-01-17 15:20:38,2.38
2026-01-17 15:15:37,2.40
2026-01-17 15:10:36,2.35
2026-01-17 15:05:35,2.35
2026-01-17 15:00:34,2.36
2026-01-17 14:55:33,2.37
2026-01-17 14:50:32,2.36
2026-01-17 14:45:31,2.37
2026-01-17 14:40:30,2.34
2026-01-17 14:35:29,2.38
2026-01-17 14:30:28,2.34
2026-01-17 14:25:27,2.33
2026-01-17 14:20:26,2.34
2026-01-17 14:15:25,2.34
2026-01-17 14:10:24,2.34
2026-01-17 14:05:23,2.34
2026-01-17 14:00:22,2.35
2026-01-17 13:55:21,2.33
2026-01-17 13:50:20,2.32
2026-01-17 13:45:19,2.34
2026-01-17 13:40:18,2.34
2026-01-17 13:35:17,2.32
2026-01-17 13:30:16,2.32
2026-01-17 13:25:15,2.35
2026-01-17 13:20:14,2.34
2026-01-17 13:15:13,2.35
2026-01-17 13:10:12,2.32
2026-01-17 13:06:11,2.31
2026-01-17 13:01:10,2.32
2026-01-17 12:56:09,2.31
2026-01-17 12:51:08,2.32
2026-01-17 12:46:07,2.33
2026-01-17 12:41:06,2.32
2026-01-17 12:36:05,2.30
2026-01-17 12:31:04,2.32
2026-01-17 12:26:03,2.32
2026-01-17 12:21:02,2.30
2026-01-17 12:16:01,2.32
2026-01-17 12:11:00,2.30
2026-01-17 12:05:59,2.32
2026-01-17 12:00:58,2.34
2026-01-17 11:55:57,2.30
2026-01-17 11:50:56,2.30
2026-01-17 11:45:55,2.28
2026-01-17 11:40:54,2.27
2026-01-17 11:35:53,2.29
2026-01-17 11:30:52,2.29
2026-01-17 11:25:51,2.30
2026-01-17 11:20:50,2.32
2026-01-17 11:15:49,2.32
2026-01-17 11:10:48,2.29
2026-01-17 11:05:47,2.34
2026-01-17 11:00:46,2.31
2026-01-17 10:55:45,2.31
2026-01-17 10:50:44,2.32
2026-01-17 10:45:43,2.31
2026-01-17 10:40:42,2.31
2026-01-17 10:35:41,2.32
2026-01-17 10:30:40,2.33
2026-01-17 10:25:39,2.35
2026-01-17 10:20:38,2.33
2026-01-17 10:15:37,2.34
2026-01-17 10:10:36,2.33
2026-01-17 10:05:35,2.34
2026-01-17 10:00:34,2.33
2026-01-17 09:55:33,2.32
2026-01-17 09:50:32,2.31
2026-01-17 09:45:31,2.34
2026-01-17 09:40:30,2.33
2026-01-17 09:35:29,2.33
2026-01-17 09:30:28,2.34
2026-01-17 09:25:27,2.34
2026-01-17 09:20:26,2.32
2026-01-17 09:15:25,2.33
2026-01-17 09:10:24,2.33
2026-01-17 09:05:23,2.31
2026-01-17 09:00:22,2.35
2026-01-17 08:55:21,2.31
2026-01-17 08:50:20,2.34
2026-01-17 08:45:19,2.34
2026-01-17 08:40:18,2.31
2026-01-17 08:35:17,2.34
2026-01-17 08:30:16,2.33
2026-01-17 08:25:15,2.33
2026-01-17 08:20:14,2.31
2026-01-17 08:15:13,2.30
2026-01-17 08:10:12,2.29
2026-01-17 08:06:11,2.32
2026-01-17 08:01:10,2.35
2026-01-17 07:56:09,2.26
2026-01-17 07:51:08,2.32
2026-01-17 07:46:07,2.32
2026-01-17 07:41:06,2.32
2026-01-17 07:36:05,2.32
2026-01-17 07:31:04,2.35
2026-01-17 07:26:03,2.34
2026-01-17 07:21:02,2.33
2026-01-17 07:16:01,2.33
2026-01-17 07:11:00,2.31
2026-01-17 07:05:59,2.32
2026-01-17 07:00:58,2.35
2026-01-17 06:55:57,2.34
2026-01-17 06:50:56,2.34
2026-01-17 06:45:55,2.33
2026-01-17 06:40:54,2.34
2026-01-17 06:35:53,2.34
2026-01-17 06:30:52,2.37
2026-01-17 06:25:51,2.34
2026-01-17 06:20:50,2.36
2026-01-17 06:15:49,2.40
2026-01-17 06:10:48,2.38
2026-01-17 06:05:47,2.37
2026-01-17 06:00:46,2.38
2026-01-17 05:55:45,2.38
2026-01-17 05:50:44,2.37
2026-01-17 05:45:43,2.40
2026-01-17 05:40:42,2.39
2026-01-17 05:35:41,2.37
2026-01-17 05:30:40,2.36
2026-01-17 05:25:39,2.37
2026-01-17 05:20:38,2.39
2026-01-17 05:15:37,2.39
2026-01-17 05:10:36,2.41
2026-01-17 05:05:35,2.43
2026-01-17 05:00:34,2.40
2026-01-17 04:55:33,2.45
2026-01-17 04:50:32,2.44
2026-01-17 04:45:31,2.41
2026-01-17 04:40:30,2.44
2026-01-17 04:35:29,2.42
2026-01-17 04:30:28,2.39
2026-01-17 04:25:27,2.41
2026-01-17 04:20:26,2.42
2026-01-17 04:15:25,2.43
2026-01-17 04:10:24,2.40
2026-01-17 04:05:23,2.45
2026-01-17 04:00:22,2.40
2026-01-17 03:55:21,2.39
2026-01-17 03:50:20,2.39
2026-01-17 03:45:19,2.38
2026-01-17 03:40:18,2.44
2026-01-17 03:35:17,2.39
2026-01-17 03:30:16,2.42
2026-01-17 03:25:15,2.43
2026-01-17 03:20:14,2.45
2026-01-17 03:15:13,2.42
2026-01-17 03:10:12,2.47
2026-01-17 03:06:11,2.47
2026-01-17 03:01:10,2.41
2026-01-17 02:56:09,2.39
2026-01-17 02:51:08,2.48
2026-01-17 02:46:07,2.43
2026-01-17 02:41:06,2.41
2026-01-17 02:36:05,2.44
2026-01-17 02:31:04,2.41
2026-01-17 02:26:03,2.40
2026-01-17 02:21:02,2.39
2026-01-17 02:16:01,2.44
2026-01-17 02:11:00,2.41
2026-01-17 02:05:59,2.43
2026-01-17 02:00:58,2.40
2026-01-17 01:55:57,2.43
2026-01-17 01:50:56,2.41
2026-01-17 01:45:55,2.39
2026-01-17 01:40:54,2.46
2026-01-17 01:35:53,2.43
2026-01-17 01:30:52,2.38
2026-01-17 01:25:51,2.39
2026-01-17 01:20:50,2.38
2026-01-17 01:15:49,2.45
2026-01-17 01:10:48,2.38
2026-01-17 01:05:47,2.36
2026-01-17 01:00:46,2.37
2026-01-17 00:55:45,2.37
2026-01-17 00:50:44,2.39
2026-01-17 00:45:43,2.37
2026-01-17 00:40:42,2.35
2026-01-17 00:35:41,2.45
2026-01-17 00:30:40,2.41
2026-01-17 00:25:39,2.38
2026-01-17 00:20:38,2.43
2026-01-17 00:15:37,2.37
2026-01-17 00:10:36,2.44
2026-01-17 00:05:35,2.36
2026-01-17 00:00:34,2.38
2026-01-16 23:55:33,2.34
2026-01-16 23:50:32,2.34
2026-01-16 23:45:31,2.39
2026-01-16 23:40:30,2.35
2026-01-16 23:35:29,2.35
2026-01-16 23:30:28,2.34
2026-01-16 23:25:27,2.39
2026-01-16 23:20:26,2.40
2026-01-16 23:15:25,2.34
2026-01-16 23:10:24,2.34
2026-01-16 23:05:23,2.35
2026-01-16 23:00:22,2.38
2026-01-16 22:55:21,2.36
2026-01-16 22:50:20,2.35
2026-01-16 22:45:19,2.34
2026-01-16 22:40:18,2.34
2026-01-16 22:35:17,2.34
2026-01-16 22:30:16,2.35
2026-01-16 22:25:15,2.36
2026-01-16 22:20:14,2.32
2026-01-16 22:15:13,2.31
2026-01-16 22:10:12,2.32
2026-01-16 22:06:11,2.34
2026-01-16 22:01:10,2.34
2026-01-16 21:56:09,2.34
2026-01-16 21:51:08,2.30
2026-01-16 21:46:07,2.29
2026-01-16 21:41:06,2.33
2026-01-16 21:36:05,2.33
2026-01-16 21:31:04,2.34
2026-01-16 21:26:03,2.36
2026-01-16 21:21:02,2.33
2026-01-16 21:16:01,2.30
2026-01-16 21:11:00,2.32
2026-01-16 21:05:59,2.31
2026-01-16 21:00:58,2.31
2026-01-16 20:55:57,2.33
2026-01-16 20:50:56,2.33
2026-01-16 20:45:55,2.33
2026-01-16 20:40:54,2.33
2026-01-16 20:35:53,2.35
2026-01-16 20:30:52,2.31
2026-01-16 20:25:51,2.33
2026-01-16 20:20:50,2.31
2026-01-16 20:15:49,2.33
2026-01-16 20:10:48,2.34
2026-01-16 20:05:47,2.31
2026-01-16 20:00:46,2.33
2026-01-16 19:55:45,2.34
2026-01-16 19:50:44,2.34
2026-01-16 19:45:43,2.31
2026-01-16 19:40:42,2.33
2026-01-16 19:35:41,2.32
2026-01-16 19:30:40,2.35
2026-01-16 19:25:39,2.34
2026-01-16 19:20:38,2.33
2026-01-16 19:15:37,2.32
2026-01-16 19:10:36,2.32
2026-01-16 19:05:35,2.33
2026-01-16 19:00:34,2.33
2026-01-16 18:55:33,2.32
2026-01-16 18:50:32,2.33
2026-01-16 18:45:31,2.32
2026-01-16 18:40:30,2.33
2026-01-16 18:35:29,2.29
2026-01-16 18:30:28,2.32
2026-01-16 18:25:27,2.35
2026-01-16 18:20:26,2.33
2026-01-16 18:15:25,2.30
2026-01-16 18:10:24,2.31
2026-01-16 18:05:23,2.30
2026-01-16 18:00:22,2.31
2026-01-16 17:55:21,2.32
2026-01-16 17:50:20,2.33
2026-01-16 17:45:19,2.31
2026-01-16 17:40:18,2.29
2026-01-16 17:35:17,2.28
2026-01-16 17:30:16,2.29
2026-01-16 17:25:15,2.33
2026-01-16 17:20:14,2.33
2026-01-16 17:15:13,2.33
2026-01-16 17:10:12,2.32
2026-01-16 17:06:11,2.32
2026-01-16 17:01:10,2.34
2026-01-16 16:56:09,2.33
2026-01-16 16:51:08,2.33
2026-01-16 16:46:07,2.33
2026-01-16 16:41:06,2.35
2026-01-16 16:36:05,2.35
2026-01-16 16:31:04,2.35
2026-01-16 16:26:03,2.35
2026-01-16 16:21:02,2.32
2026-01-16 16:16:01,2.35
2026-01-16 16:11:00,2.34
2026-01-16 16:05:59,2.35
2026-01-16 16:00:58,2.34
2026-01-16 15:55:57,2.35
2026-01-16 15:50:56,2.35
2026-01-16 15:45:55,2.35
2026-01-16 15:40:54,2.36
