时间,万晟华府低压出口_10k压力量产一批0001#压力值(KPa)
2026-02-27 14:00:15,2.31
2026-02-27 13:50:14,2.31
2026-02-27 13:40:13,2.27
2026-02-27 13:30:12,2.32
2026-02-27 13:20:11,2.28
2026-02-27 13:10:10,2.26
2026-02-27 13:00:09,2.25
2026-02-27 12:50:08,2.34
2026-02-27 12:40:07,2.23
2026-02-27 12:30:06,2.26
2026-02-27 12:20:05,2.22
2026-02-27 12:11:04,2.25
2026-02-27 12:01:03,2.20
2026-02-27 11:51:02,2.23
2026-02-27 11:41:01,2.23
2026-02-27 11:31:00,2.24
2026-02-27 11:20:59,2.22
2026-02-27 11:10:58,2.24
2026-02-27 11:00:57,2.22
2026-02-27 10:50:56,2.28
2026-02-27 10:40:55,2.24
2026-02-27 10:30:54,2.23
2026-02-27 10:20:53,2.31
2026-02-27 10:10:52,2.28
2026-02-27 10:00:51,2.26
2026-02-27 09:50:50,2.26
2026-02-27 09:40:49,2.22
2026-02-27 09:30:48,2.24
2026-02-27 09:20:47,2.27
2026-02-27 09:10:46,2.27
2026-02-27 09:00:45,2.25
2026-02-27 08:50:44,2.24
2026-02-27 08:40:43,2.24
2026-02-27 08:30:42,2.26
2026-02-27 08:20:41,2.26
2026-02-27 08:10:40,2.27
2026-02-27 08:00:39,2.23
2026-02-27 07:50:38,2.24
2026-02-27 07:40:37,2.26
2026-02-27 07:30:36,2.22
2026-02-27 07:20:35,2.27
2026-02-27 07:10:34,2.27
2026-02-27 07:00:33,2.26
2026-02-27 06:50:32,2.28
2026-02-27 06:40:31,2.29
2026-02-27 06:30:30,2.27
2026-02-27 06:20:29,2.29
2026-02-27 06:10:28,2.26
2026-02-27 06:00:27,2.31
2026-02-27 05:50:26,2.37
2026-02-27 05:40:25,2.30
2026-02-27 05:30:24,2.34
2026-02-27 05:20:23,2.32
2026-02-27 05:10:22,2.36
2026-02-27 05:00:21,2.33
2026-02-27 04:50:20,2.41
2026-02-27 04:40:19,2.43
2026-02-27 04:30:18,2.41
2026-02-27 04:20:17,2.36
2026-02-27 04:10:16,2.38
2026-02-27 04:00:15,2.32
2026-02-27 03:50:14,2.35
2026-02-27 03:40:13,2.37
2026-02-27 03:30:12,2.35
2026-02-27 03:20:11,2.36
2026-02-27 03:10:10,2.37
2026-02-27 03:00:09,2.32
2026-02-27 02:50:08,2.42
2026-02-27 02:40:07,2.32
2026-02-27 02:30:06,2.37
2026-02-27 02:20:05,2.29
2026-02-27 02:11:04,2.30
2026-02-27 02:01:03,2.28
2026-02-27 01:51:02,2.39
2026-02-27 01:41:01,2.37
2026-02-27 01:31:00,2.39
2026-02-27 01:20:59,2.37
2026-02-27 01:10:58,2.32
2026-02-27 01:00:57,2.36
2026-02-27 00:50:56,2.37
2026-02-27 00:40:55,2.35
2026-02-27 00:30:54,2.31
2026-02-27 00:20:53,2.31
2026-02-27 00:10:52,2.25
2026-02-27 00:00:51,2.31
2026-02-26 23:50:50,2.27
2026-02-26 23:40:49,2.33
2026-02-26 23:30:48,2.26
2026-02-26 23:20:47,2.30
2026-02-26 23:10:46,2.24
2026-02-26 23:00:45,2.25
2026-02-26 22:50:44,2.25
2026-02-26 22:40:43,2.25
2026-02-26 22:30:42,2.21
2026-02-26 22:20:41,2.24
2026-02-26 22:10:40,2.23
2026-02-26 22:00:39,2.20
2026-02-26 21:50:38,2.23
2026-02-26 21:40:37,2.23
2026-02-26 21:30:36,2.22
2026-02-26 21:20:35,2.24
2026-02-26 21:10:34,2.25
2026-02-26 21:00:33,2.24
2026-02-26 20:50:32,2.17
2026-02-26 20:40:31,2.22
2026-02-26 20:30:30,2.18
2026-02-26 20:20:29,2.24
2026-02-26 20:10:28,2.22
2026-02-26 20:00:27,2.22
2026-02-26 19:50:26,2.23
2026-02-26 19:40:25,2.23
2026-02-26 19:30:24,2.24
2026-02-26 19:20:23,2.25
2026-02-26 19:10:22,2.24
2026-02-26 19:00:21,2.23
2026-02-26 18:50:20,2.18
2026-02-26 18:40:19,2.24
2026-02-26 18:30:18,2.23
2026-02-26 18:20:17,2.22
2026-02-26 18:10:16,2.25
2026-02-26 18:00:15,2.23
2026-02-26 17:50:14,2.19
2026-02-26 17:40:13,2.23
2026-02-26 17:30:12,2.23
2026-02-26 17:20:11,2.25
2026-02-26 17:10:10,2.24
2026-02-26 17:00:09,2.25
2026-02-26 16:50:08,2.23
2026-02-26 16:40:07,2.27
2026-02-26 16:30:06,2.29
2026-02-26 16:20:05,2.32
2026-02-26 16:11:04,2.28
2026-02-26 16:01:03,2.25
2026-02-26 15:51:02,2.32
2026-02-26 15:41:01,2.26
2026-02-26 15:31:00,2.29
2026-02-26 15:20:59,2.27
2026-02-26 15:10:58,2.29
2026-02-26 15:00:57,2.28
2026-02-26 14:50:56,2.33
2026-02-26 14:40:55,2.37
2026-02-26 14:30:54,2.30
2026-02-26 14:20:53,2.27
2026-02-26 14:10:52,2.31
2026-02-26 14:00:51,2.34
2026-02-26 13:50:50,2.26
2026-02-26 13:40:49,2.29
2026-02-26 13:30:48,2.31
2026-02-26 13:20:47,2.30
2026-02-26 13:10:46,2.23
2026-02-26 13:00:45,2.26
2026-02-26 12:50:44,2.25
2026-02-26 12:40:43,2.24
2026-02-26 12:30:42,2.25
2026-02-26 12:20:41,2.25
2026-02-26 12:10:40,2.24
2026-02-26 12:00:39,2.21
2026-02-26 11:50:38,2.25
2026-02-26 11:40:37,2.24
2026-02-26 11:30:36,2.23
2026-02-26 11:20:35,2.25
2026-02-26 11:10:34,2.25
2026-02-26 11:00:33,2.26
2026-02-26 10:50:32,2.24
2026-02-26 10:40:31,2.26
2026-02-26 10:30:30,2.25
2026-02-26 10:20:29,2.27
2026-02-26 10:10:28,2.24
2026-02-26 10:00:27,2.24
2026-02-26 09:50:26,2.26
2026-02-26 09:40:25,2.28
2026-02-26 09:30:24,2.26
2026-02-26 09:20:23,2.27
2026-02-26 09:10:22,2.28
2026-02-26 09:00:21,2.33
2026-02-26 08:50:20,2.28
2026-02-26 08:40:19,2.27
2026-02-26 08:30:18,2.22
2026-02-26 08:20:17,2.25
2026-02-26 08:10:16,2.25
2026-02-26 08:00:15,2.26
2026-02-26 07:50:14,2.26
2026-02-26 07:40:13,2.26
2026-02-26 07:30:12,2.24
2026-02-26 07:20:11,2.25
2026-02-26 07:10:10,2.22
2026-02-26 07:00:09,2.23
2026-02-26 06:50:08,2.29
2026-02-26 06:40:07,2.33
2026-02-26 06:30:06,2.35
2026-02-26 06:20:05,2.30
2026-02-26 06:11:04,2.31
2026-02-26 06:01:03,2.41
2026-02-26 05:51:02,2.34
2026-02-26 05:41:01,2.40
2026-02-26 05:31:00,2.43
2026-02-26 05:20:59,2.32
2026-02-26 05:10:58,2.35
2026-02-26 05:00:57,2.36
2026-02-26 04:50:56,2.45
2026-02-26 04:40:55,2.39
2026-02-26 04:30:54,2.50
2026-02-26 04:20:53,2.39
2026-02-26 04:10:52,2.46
2026-02-26 04:00:51,2.35
2026-02-26 03:50:50,2.41
2026-02-26 03:40:49,2.35
2026-02-26 03:30:48,2.41
2026-02-26 03:20:47,2.40
2026-02-26 03:10:46,2.35
2026-02-26 03:00:45,2.39
2026-02-26 02:50:44,2.45
2026-02-26 02:40:43,2.33
2026-02-26 02:30:42,2.42
2026-02-26 02:20:41,2.46
2026-02-26 02:10:40,2.43
2026-02-26 02:00:39,2.34
2026-02-26 01:50:38,2.42
2026-02-26 01:40:37,2.42
2026-02-26 01:30:36,2.38
2026-02-26 01:20:35,2.29
2026-02-26 01:10:34,2.41
2026-02-26 01:00:33,2.37
2026-02-26 00:50:32,2.49
2026-02-26 00:40:31,2.29
2026-02-26 00:30:30,2.37
2026-02-26 00:20:29,2.31
2026-02-26 00:10:28,2.31
2026-02-26 00:00:27,2.35
2026-02-25 23:50:26,2.32
2026-02-25 23:40:25,2.29
2026-02-25 23:30:24,2.26
2026-02-25 23:20:23,2.25
2026-02-25 23:10:22,2.27
2026-02-25 23:00:21,2.37
2026-02-25 22:50:20,2.25
2026-02-25 22:40:19,2.26
2026-02-25 22:30:18,2.22
2026-02-25 22:20:17,2.24
2026-02-25 22:10:16,2.24
2026-02-25 22:00:15,2.21
2026-02-25 21:50:14,2.23
2026-02-25 21:40:13,2.24
2026-02-25 21:30:12,2.20
2026-02-25 21:20:11,2.23
2026-02-25 21:10:10,2.26
2026-02-25 21:00:09,2.25
2026-02-25 20:50:08,2.25
2026-02-25 20:40:07,2.27
2026-02-25 20:30:06,2.25
2026-02-25 20:20:05,2.22
2026-02-25 20:11:04,2.23
2026-02-25 20:01:03,2.21
2026-02-25 19:51:02,2.24
2026-02-25 19:41:01,2.22
2026-02-25 19:31:00,2.23
2026-02-25 19:20:59,2.21
2026-02-25 19:10:58,2.25
2026-02-25 19:00:57,2.23
2026-02-25 18:50:56,2.21
2026-02-25 18:40:55,2.25
2026-02-25 18:30:54,2.25
2026-02-25 18:20:53,2.23
2026-02-25 18:10:52,2.22
2026-02-25 18:00:51,2.23
2026-02-25 17:50:50,2.22
2026-02-25 17:40:49,2.22
2026-02-25 17:30:48,2.24
2026-02-25 17:20:47,2.23
2026-02-25 17:10:46,2.23
2026-02-25 17:00:45,2.22
2026-02-25 16:50:44,2.24
2026-02-25 16:40:43,2.24
2026-02-25 16:30:42,2.23
2026-02-25 16:20:41,2.25
2026-02-25 16:10:40,2.22
2026-02-25 16:00:39,2.31
2026-02-25 15:50:38,2.25
2026-02-25 15:40:37,2.31
2026-02-25 15:30:36,2.24
2026-02-25 15:20:35,2.39
2026-02-25 15:10:34,2.29
2026-02-25 15:00:33,2.34
2026-02-25 14:50:32,2.34
2026-02-25 14:40:31,2.31
2026-02-25 14:30:30,2.31
2026-02-25 14:20:29,2.23
2026-02-25 14:10:28,2.34
2026-02-25 14:00:27,2.28
2026-02-25 13:50:26,2.27
2026-02-25 13:40:25,2.26
2026-02-25 13:30:24,2.32
2026-02-25 13:20:23,2.24
2026-02-25 13:10:22,2.23
2026-02-25 13:00:21,2.25
2026-02-25 12:50:20,2.23
2026-02-25 12:40:19,2.24
2026-02-25 12:30:18,2.24
2026-02-25 12:20:17,2.20
2026-02-25 12:10:16,2.23
2026-02-25 12:00:15,2.23
2026-02-25 11:50:14,2.21
2026-02-25 11:40:13,2.23
2026-02-25 11:30:12,2.24
2026-02-25 11:20:11,2.24
2026-02-25 11:10:10,2.24
2026-02-25 11:00:09,2.24
2026-02-25 10:50:08,2.21
2026-02-25 10:40:07,2.27
2026-02-25 10:30:06,2.27
2026-02-25 10:20:05,2.24
2026-02-25 10:11:04,2.28
2026-02-25 10:01:03,2.25
2026-02-25 09:51:02,2.27
2026-02-25 09:41:01,2.25
2026-02-25 09:31:00,2.29
2026-02-25 09:20:59,2.23
2026-02-25 09:10:58,2.29
2026-02-25 09:00:57,2.23
2026-02-25 08:50:56,2.26
2026-02-25 08:40:55,2.23
2026-02-25 08:30:54,2.28
2026-02-25 08:20:53,2.26
2026-02-25 08:10:52,2.24
2026-02-25 08:00:51,2.27
2026-02-25 07:50:50,2.26
2026-02-25 07:40:49,2.30
2026-02-25 07:30:48,2.23
2026-02-25 07:20:47,2.26
2026-02-25 07:10:46,2.27
2026-02-25 07:00:45,2.26
2026-02-25 06:50:44,2.26
2026-02-25 06:40:43,2.25
2026-02-25 06:30:42,2.31
2026-02-25 06:20:41,2.35
2026-02-25 06:10:40,2.42
2026-02-25 06:00:39,2.38
2026-02-25 05:50:38,2.30
2026-02-25 05:40:37,2.32
2026-02-25 05:30:36,2.32
2026-02-25 05:20:35,2.39
2026-02-25 05:10:34,2.40
2026-02-25 05:00:33,2.35
2026-02-25 04:50:32,2.39
2026-02-25 04:40:31,2.45
2026-02-25 04:30:30,2.43
2026-02-25 04:20:29,2.43
2026-02-25 04:10:28,2.51
2026-02-25 04:00:27,2.52
2026-02-25 03:50:26,2.36
2026-02-25 03:40:25,2.42
2026-02-25 03:30:24,2.44
2026-02-25 03:20:23,2.38
2026-02-25 03:10:22,2.37
2026-02-25 03:00:21,2.52
2026-02-25 02:50:20,2.50
2026-02-25 02:40:19,2.47
2026-02-25 02:30:18,2.45
2026-02-25 02:20:17,2.48
2026-02-25 02:10:16,2.43
2026-02-25 02:00:15,2.47
2026-02-25 01:50:14,2.47
2026-02-25 01:40:13,2.41
2026-02-25 01:30:12,2.29
2026-02-25 01:20:11,2.36
2026-02-25 01:10:10,2.34
2026-02-25 01:00:09,2.33
2026-02-25 00:50:08,2.37
2026-02-25 00:40:07,2.39
2026-02-25 00:30:06,2.49
2026-02-25 00:20:05,2.48
2026-02-25 00:11:04,2.30
2026-02-25 00:01:03,2.27
2026-02-24 23:51:02,2.30
2026-02-24 23:41:01,2.32
2026-02-24 23:31:00,2.31
2026-02-24 23:20:59,2.28
2026-02-24 23:10:58,2.27
2026-02-24 23:00:57,2.33
2026-02-24 22:50:56,2.28
2026-02-24 22:40:55,2.25
2026-02-24 22:30:54,2.24
2026-02-24 22:20:53,2.25
2026-02-24 22:10:52,2.26
2026-02-24 22:00:51,2.25
2026-02-24 21:50:50,2.22
2026-02-24 21:40:49,2.23
2026-02-24 21:30:48,2.25
2026-02-24 21:20:47,2.21
2026-02-24 21:10:46,2.25
2026-02-24 21:00:45,2.23
2026-02-24 20:50:44,2.27
2026-02-24 20:40:43,2.31
2026-02-24 20:30:42,2.24
2026-02-24 20:20:41,2.25
2026-02-24 20:10:40,2.28
2026-02-24 20:00:39,2.26
2026-02-24 19:50:38,2.28
2026-02-24 19:40:37,2.24
2026-02-24 19:30:36,2.29
2026-02-24 19:20:35,2.22
2026-02-24 19:10:34,2.25
2026-02-24 19:00:33,2.23
2026-02-24 18:50:32,2.22
2026-02-24 18:40:31,2.24
2026-02-24 18:30:30,2.21
2026-02-24 18:20:29,2.23
2026-02-24 18:10:28,2.24
2026-02-24 18:00:27,2.21
2026-02-24 17:50:26,2.23
2026-02-24 17:40:25,2.23
2026-02-24 17:30:24,2.24
2026-02-24 17:20:23,2.23
2026-02-24 17:10:22,2.26
2026-02-24 17:00:21,2.26
2026-02-24 16:50:20,2.25
2026-02-24 16:40:19,2.31
2026-02-24 16:30:18,2.25
2026-02-24 16:20:17,2.26
2026-02-24 16:10:16,2.27
2026-02-24 16:00:15,2.28
2026-02-24 15:50:14,2.36
2026-02-24 15:40:13,2.28
2026-02-24 15:30:12,2.42
2026-02-24 15:20:11,2.26
2026-02-24 15:10:10,2.30
2026-02-24 15:00:09,2.26
2026-02-24 14:50:08,2.28
2026-02-24 14:40:07,2.25
2026-02-24 14:30:06,2.30
2026-02-24 14:20:05,2.32
2026-02-24 14:11:04,2.30
2026-02-24 14:01:03,2.35
2026-02-24 13:51:02,2.33
2026-02-24 13:41:01,2.26
2026-02-24 13:31:00,2.30
2026-02-24 13:20:59,2.26
2026-02-24 13:10:58,2.25
2026-02-24 13:00:57,2.26
2026-02-24 12:50:56,2.28
2026-02-24 12:40:55,2.25
2026-02-24 12:30:54,2.26
2026-02-24 12:20:53,2.25
2026-02-24 12:10:52,2.22
2026-02-24 12:00:51,2.22
2026-02-24 11:50:50,2.22
2026-02-24 11:40:49,2.20
2026-02-24 11:30:48,2.21
2026-02-24 11:20:47,2.26
2026-02-24 11:10:46,2.25
2026-02-24 11:00:45,2.23
2026-02-24 10:50:44,2.24
2026-02-24 10:40:43,2.28
2026-02-24 10:30:42,2.24
2026-02-24 10:20:41,2.25
2026-02-24 10:10:40,2.25
2026-02-24 10:00:39,2.27
2026-02-24 09:50:38,2.25
2026-02-24 09:40:37,2.22
2026-02-24 09:30:36,2.24
2026-02-24 09:20:35,2.24
2026-02-24 09:10:34,2.33
2026-02-24 09:00:33,2.26
2026-02-24 08:50:32,2.23
2026-02-24 08:40:31,2.23
2026-02-24 08:30:30,2.24
2026-02-24 08:20:29,2.27
2026-02-24 08:10:28,2.24
2026-02-24 08:00:27,2.25
2026-02-24 07:50:26,2.24
2026-02-24 07:40:25,2.26
2026-02-24 07:30:24,2.24
2026-02-24 07:20:23,2.27
2026-02-24 07:10:22,2.26
2026-02-24 07:00:21,2.25
2026-02-24 06:50:20,2.24
2026-02-24 06:40:19,2.24
2026-02-24 06:30:18,2.34
2026-02-24 06:20:17,2.30
2026-02-24 06:10:16,2.38
2026-02-24 06:00:15,2.43
2026-02-24 05:50:14,2.44
2026-02-24 05:40:13,2.45
2026-02-24 05:30:12,2.34
2026-02-24 05:20:11,2.35
2026-02-24 05:10:10,2.31
2026-02-24 05:00:09,2.29
2026-02-24 04:50:08,2.40
2026-02-24 04:40:07,2.51
2026-02-24 04:30:06,2.52
2026-02-24 04:20:05,2.53
2026-02-24 04:11:04,2.47
2026-02-24 04:01:03,2.33
2026-02-24 03:51:02,2.45
2026-02-24 03:41:01,2.39
2026-02-24 03:31:00,2.35
2026-02-24 03:20:59,2.39
2026-02-24 03:10:58,2.44
2026-02-24 03:00:57,2.43
2026-02-24 02:50:56,2.51
2026-02-24 02:40:55,2.50
2026-02-24 02:30:54,2.41
2026-02-24 02:20:53,2.52
2026-02-24 02:10:52,2.51
2026-02-24 02:00:51,2.47
2026-02-24 01:50:50,2.45
2026-02-24 01:40:49,2.30
2026-02-24 01:30:48,2.41
2026-02-24 01:20:47,2.38
2026-02-24 01:10:46,2.42
2026-02-24 01:00:45,2.43
2026-02-24 00:50:44,2.42
2026-02-24 00:40:43,2.49
2026-02-24 00:30:42,2.43
2026-02-24 00:20:41,2.36
2026-02-24 00:10:40,2.24
2026-02-24 00:00:39,2.33
2026-02-23 23:50:38,2.31
2026-02-23 23:40:37,2.28
2026-02-23 23:30:36,2.25
2026-02-23 23:20:35,2.29
2026-02-23 23:10:34,2.25
2026-02-23 23:00:33,2.33
2026-02-23 22:50:32,2.26
2026-02-23 22:40:31,2.28
2026-02-23 22:30:30,2.27
2026-02-23 22:20:29,2.29
2026-02-23 22:10:28,2.21
2026-02-23 22:00:27,2.24
2026-02-23 21:50:26,2.23
2026-02-23 21:40:25,2.26
2026-02-23 21:30:24,2.18
2026-02-23 21:20:23,2.22
2026-02-23 21:10:22,2.24
2026-02-23 21:00:21,2.21
2026-02-23 20:50:20,2.24
2026-02-23 20:40:19,2.22
2026-02-23 20:30:18,2.23
2026-02-23 20:20:17,2.21
2026-02-23 20:10:16,2.20
2026-02-23 20:00:15,2.26
2026-02-23 19:50:14,2.24
2026-02-23 19:40:13,2.26
2026-02-23 19:30:12,2.21
2026-02-23 19:20:11,2.24
2026-02-23 19:10:10,2.26
2026-02-23 19:00:09,2.25
2026-02-23 18:50:08,2.23
2026-02-23 18:40:07,2.23
2026-02-23 18:30:06,2.24
2026-02-23 18:20:05,2.22
2026-02-23 18:11:04,2.24
2026-02-23 18:01:03,2.23
2026-02-23 17:51:02,2.23
2026-02-23 17:41:01,2.23
2026-02-23 17:31:00,2.21
2026-02-23 17:20:59,2.23
2026-02-23 17:10:58,2.23
2026-02-23 17:00:57,2.23
2026-02-23 16:50:56,2.23
2026-02-23 16:40:55,2.25
2026-02-23 16:30:54,2.29
2026-02-23 16:20:53,2.23
2026-02-23 16:10:52,2.24
2026-02-23 16:00:51,2.26
2026-02-23 15:50:50,2.27
2026-02-23 15:40:49,2.16
2026-02-23 15:30:48,2.27
2026-02-23 15:20:47,2.38
2026-02-23 15:10:46,2.34
2026-02-23 15:00:45,2.30
2026-02-23 14:50:44,2.25
2026-02-23 14:40:43,2.25
2026-02-23 14:30:42,2.31
2026-02-23 14:20:41,2.31
2026-02-23 14:10:40,2.29
2026-02-23 14:00:39,2.24
2026-02-23 13:50:38,2.26
2026-02-23 13:40:37,2.24
2026-02-23 13:30:36,2.25
2026-02-23 13:20:35,2.26
2026-02-23 13:10:34,2.28
2026-02-23 13:00:33,2.25
2026-02-23 12:50:32,2.24
2026-02-23 12:40:31,2.33
2026-02-23 12:30:30,2.23
2026-02-23 12:20:29,2.20
2026-02-23 12:10:28,2.22
2026-02-23 12:00:27,2.22
2026-02-23 11:50:26,2.24
2026-02-23 11:40:25,2.22
2026-02-23 11:30:24,2.24
2026-02-23 11:20:23,2.22
2026-02-23 11:10:22,2.25
2026-02-23 11:00:21,2.26
2026-02-23 10:50:20,2.30
2026-02-23 10:40:19,2.27
2026-02-23 10:30:18,2.23
2026-02-23 10:20:17,2.24
2026-02-23 10:10:16,2.23
2026-02-23 10:00:15,2.24
2026-02-23 09:50:14,2.24
2026-02-23 09:40:13,2.24
2026-02-23 09:30:12,2.23
2026-02-23 09:20:11,2.23
2026-02-23 09:10:10,2.24
2026-02-23 09:00:09,2.26
2026-02-23 08:50:08,2.26
2026-02-23 08:40:07,2.25
2026-02-23 08:30:06,2.26
2026-02-23 08:20:05,2.27
2026-02-23 08:11:04,2.23
2026-02-23 08:01:03,2.26
2026-02-23 07:51:02,2.28
2026-02-23 07:41:01,2.25
2026-02-23 07:31:00,2.32
2026-02-23 07:20:59,2.27
2026-02-23 07:10:58,2.28
2026-02-23 07:00:57,2.28
2026-02-23 06:50:56,2.29
2026-02-23 06:40:55,2.38
2026-02-23 06:30:54,2.36
2026-02-23 06:20:53,2.38
2026-02-23 06:10:52,2.37
2026-02-23 06:00:51,2.46
2026-02-23 05:50:50,2.34
2026-02-23 05:40:49,2.48
2026-02-23 05:30:48,2.42
2026-02-23 05:20:47,2.35
2026-02-23 05:10:46,2.35
2026-02-23 05:00:45,2.37
2026-02-23 04:50:44,2.37
2026-02-23 04:40:43,2.38
2026-02-23 04:30:42,2.48
2026-02-23 04:20:41,2.41
2026-02-23 04:10:40,2.53
2026-02-23 04:00:39,2.52
2026-02-23 03:50:38,2.39
2026-02-23 03:40:37,2.43
2026-02-23 03:30:36,2.53
2026-02-23 03:20:35,2.43
2026-02-23 03:10:34,2.38
2026-02-23 03:00:33,2.49
2026-02-23 02:50:32,2.42
2026-02-23 02:40:31,2.35
2026-02-23 02:30:30,2.48
2026-02-23 02:20:29,2.52
2026-02-23 02:10:28,2.44
2026-02-23 02:00:27,2.52
2026-02-23 01:50:26,2.52
2026-02-23 01:40:25,2.53
2026-02-23 01:30:24,2.37
2026-02-23 01:20:23,2.36
2026-02-23 01:10:22,2.31
2026-02-23 01:00:21,2.37
2026-02-23 00:50:20,2.49
2026-02-23 00:40:19,2.44
2026-02-23 00:30:18,2.43
2026-02-23 00:20:17,2.46
2026-02-23 00:10:16,2.35
2026-02-23 00:00:15,2.38
2026-02-22 23:50:14,2.35
2026-02-22 23:40:13,2.28
2026-02-22 23:30:12,2.23
2026-02-22 23:20:11,2.28
2026-02-22 23:10:10,2.23
2026-02-22 23:00:09,2.29
2026-02-22 22:50:08,2.25
2026-02-22 22:40:07,2.23
2026-02-22 22:30:06,2.26
2026-02-22 22:20:05,2.23
2026-02-22 22:11:04,2.23
2026-02-22 22:01:03,2.18
2026-02-22 21:51:02,2.19
2026-02-22 21:41:01,2.23
2026-02-22 21:31:00,2.22
2026-02-22 21:20:59,2.19
2026-02-22 21:10:58,2.23
2026-02-22 21:00:57,2.27
2026-02-22 20:50:56,2.27
2026-02-22 20:40:55,2.24
2026-02-22 20:30:54,2.25
2026-02-22 20:20:53,2.23
2026-02-22 20:10:52,2.24
2026-02-22 20:00:51,2.23
2026-02-22 19:50:50,2.22
2026-02-22 19:40:49,2.25
2026-02-22 19:30:48,2.23
2026-02-22 19:20:47,2.25
2026-02-22 19:10:46,2.25
2026-02-22 19:00:45,2.26
2026-02-22 18:50:44,2.26
2026-02-22 18:40:43,2.28
2026-02-22 18:30:42,2.24
2026-02-22 18:20:41,2.22
2026-02-22 18:10:40,2.23
2026-02-22 18:00:39,2.26
2026-02-22 17:50:38,2.23
2026-02-22 17:40:37,2.22
2026-02-22 17:30:36,2.24
2026-02-22 17:20:35,2.22
2026-02-22 17:10:34,2.26
2026-02-22 17:00:33,2.23
2026-02-22 16:50:32,2.27
2026-02-22 16:40:31,2.25
2026-02-22 16:30:30,2.29
2026-02-22 16:20:29,2.29
2026-02-22 16:10:28,2.27
2026-02-22 16:00:27,2.32
2026-02-22 15:50:26,2.27
2026-02-22 15:40:25,2.30
2026-02-22 15:30:24,2.32
2026-02-22 15:20:23,2.35
2026-02-22 15:10:22,2.36
2026-02-22 15:00:21,2.30
2026-02-22 14:50:20,2.28
2026-02-22 14:40:19,2.29
2026-02-22 14:30:18,2.27
2026-02-22 14:20:17,2.31
2026-02-22 14:10:16,2.34
2026-02-22 14:00:15,2.26
2026-02-22 13:50:14,2.23
2026-02-22 13:40:13,2.33
2026-02-22 13:30:12,2.24
2026-02-22 13:20:11,2.24
2026-02-22 13:10:10,2.25
2026-02-22 13:00:09,2.33
2026-02-22 12:50:08,2.24
2026-02-22 12:40:07,2.23
2026-02-22 12:30:06,2.23
2026-02-22 12:20:05,2.28
2026-02-22 12:11:04,2.24
2026-02-22 12:01:03,2.24
2026-02-22 11:51:02,2.25
2026-02-22 11:41:01,2.27
2026-02-22 11:31:00,2.24
2026-02-22 11:20:59,2.24
2026-02-22 11:10:58,2.25
2026-02-22 11:00:57,2.24
2026-02-22 10:50:56,2.26
2026-02-22 10:40:55,2.23
2026-02-22 10:30:54,2.23
2026-02-22 10:20:53,2.26
2026-02-22 10:10:52,2.23
2026-02-22 10:00:51,2.25
2026-02-22 09:50:50,2.30
2026-02-22 09:40:49,2.26
2026-02-22 09:30:48,2.26
2026-02-22 09:20:47,2.27
2026-02-22 09:10:46,2.23
2026-02-22 09:00:45,2.26
2026-02-22 08:50:44,2.25
2026-02-22 08:40:43,2.29
2026-02-22 08:30:42,2.25
2026-02-22 08:20:41,2.23
2026-02-22 08:10:40,2.26
2026-02-22 08:00:39,2.28
2026-02-22 07:50:38,2.29
2026-02-22 07:40:37,2.26
2026-02-22 07:30:36,2.27
2026-02-22 07:20:35,2.26
2026-02-22 07:10:34,2.29
2026-02-22 07:00:33,2.34
2026-02-22 06:50:32,2.32
2026-02-22 06:40:31,2.24
2026-02-22 06:30:30,2.29
2026-02-22 06:20:29,2.33
2026-02-22 06:10:28,2.38
2026-02-22 06:00:27,2.49
2026-02-22 05:50:26,2.42
2026-02-22 05:40:25,2.39
2026-02-22 05:30:24,2.38
2026-02-22 05:20:23,2.34
2026-02-22 05:10:22,2.34
2026-02-22 05:00:21,2.34
2026-02-22 04:50:20,2.37
2026-02-22 04:40:19,2.44
2026-02-22 04:30:18,2.50
2026-02-22 04:20:17,2.41
2026-02-22 04:10:16,2.33
2026-02-22 04:00:15,2.37
2026-02-22 03:50:14,2.43
2026-02-22 03:40:13,2.50
2026-02-22 03:30:12,2.46
2026-02-22 03:20:11,2.43
2026-02-22 03:10:10,2.33
2026-02-22 03:00:09,2.48
2026-02-22 02:50:08,2.50
2026-02-22 02:40:07,2.39
2026-02-22 02:30:06,2.39
2026-02-22 02:20:05,2.50
2026-02-22 02:11:04,2.46
2026-02-22 02:01:03,2.37
2026-02-22 01:51:02,2.38
2026-02-22 01:41:01,2.38
2026-02-22 01:31:00,2.45
2026-02-22 01:20:59,2.28
2026-02-22 01:10:58,2.41
2026-02-22 01:00:57,2.38
2026-02-22 00:50:56,2.39
2026-02-22 00:40:55,2.28
2026-02-22 00:30:54,2.29
2026-02-22 00:20:53,2.28
2026-02-22 00:10:52,2.26
2026-02-22 00:00:51,2.40
2026-02-21 23:50:50,2.34
2026-02-21 23:40:49,2.28
2026-02-21 23:30:48,2.29
2026-02-21 23:20:47,2.23
2026-02-21 23:10:46,2.28
2026-02-21 23:00:45,2.23
2026-02-21 22:50:44,2.35
2026-02-21 22:40:43,2.25
2026-02-21 22:30:42,2.22
2026-02-21 22:20:41,2.24
2026-02-21 22:10:40,2.21
2026-02-21 22:00:39,2.23
2026-02-21 21:50:38,2.19
2026-02-21 21:40:37,2.22
2026-02-21 21:30:36,2.19
2026-02-21 21:20:35,2.28
2026-02-21 21:10:34,2.24
2026-02-21 21:00:33,2.23
2026-02-21 20:50:32,2.25
2026-02-21 20:40:31,2.25
2026-02-21 20:30:30,2.32
2026-02-21 20:20:29,2.27
2026-02-21 20:10:28,2.23
2026-02-21 20:00:27,2.30
2026-02-21 19:50:26,2.31
2026-02-21 19:40:25,2.25
2026-02-21 19:30:24,2.28
2026-02-21 19:20:23,2.24
2026-02-21 19:10:22,2.27
2026-02-21 19:00:21,2.33
2026-02-21 18:50:20,2.26
2026-02-21 18:40:19,2.34
2026-02-21 18:30:18,2.24
2026-02-21 18:20:17,2.24
2026-02-21 18:10:16,2.23
2026-02-21 18:00:15,2.24
2026-02-21 17:50:14,2.24
2026-02-21 17:40:13,2.27
2026-02-21 17:30:12,2.23
2026-02-21 17:20:11,2.27
2026-02-21 17:10:10,2.26
2026-02-21 17:00:09,2.24
2026-02-21 16:50:08,2.28
2026-02-21 16:40:07,2.26
2026-02-21 16:30:06,2.27
2026-02-21 16:20:05,2.26
2026-02-21 16:11:04,2.28
2026-02-21 16:01:03,2.23
2026-02-21 15:51:02,2.29
2026-02-21 15:41:01,2.33
2026-02-21 15:31:00,2.30
2026-02-21 15:20:59,2.31
2026-02-21 15:10:58,2.25
2026-02-21 15:00:57,2.31
2026-02-21 14:50:56,2.32
2026-02-21 14:40:55,2.33
2026-02-21 14:30:54,2.27
2026-02-21 14:20:53,2.26
2026-02-21 14:10:52,2.32
2026-02-21 14:00:51,2.35
2026-02-21 13:50:50,2.32
2026-02-21 13:40:49,2.33
2026-02-21 13:30:48,2.31
2026-02-21 13:20:47,2.31
2026-02-21 13:10:46,2.27
2026-02-21 13:00:45,2.25
2026-02-21 12:50:44,2.23
2026-02-21 12:40:43,2.30
2026-02-21 12:30:42,2.20
2026-02-21 12:20:41,2.24
2026-02-21 12:10:40,2.20
2026-02-21 12:00:39,2.21
2026-02-21 11:50:38,2.24
2026-02-21 11:40:37,2.21
2026-02-21 11:30:36,2.23
2026-02-21 11:20:35,2.24
2026-02-21 11:10:34,2.29
2026-02-21 11:00:33,2.26
2026-02-21 10:50:32,2.24
2026-02-21 10:40:31,2.31
2026-02-21 10:30:30,2.29
2026-02-21 10:20:29,2.22
2026-02-21 10:10:28,2.22
2026-02-21 10:00:27,2.26
2026-02-21 09:50:26,2.23
2026-02-21 09:40:25,2.21
2026-02-21 09:30:24,2.24
2026-02-21 09:20:23,2.23
2026-02-21 09:10:22,2.20
2026-02-21 09:00:21,2.20
2026-02-21 08:50:20,2.24
2026-02-21 08:40:19,2.22
2026-02-21 08:30:18,2.25
2026-02-21 08:20:17,2.23
2026-02-21 08:10:16,2.27
2026-02-21 08:00:15,2.23
2026-02-21 07:50:14,2.26
2026-02-21 07:40:13,2.24
2026-02-21 07:30:12,2.24
2026-02-21 07:20:11,2.25
2026-02-21 07:10:10,2.27
2026-02-21 07:00:09,2.29
2026-02-21 06:50:08,2.29
2026-02-21 06:40:07,2.39
2026-02-21 06:30:06,2.36
2026-02-21 06:20:05,2.33
2026-02-21 06:11:04,2.34
2026-02-21 06:01:03,2.41
2026-02-21 05:51:02,2.41
2026-02-21 05:41:01,2.41
2026-02-21 05:31:00,2.39
2026-02-21 05:20:59,2.40
2026-02-21 05:10:58,2.34
2026-02-21 05:00:57,2.37
2026-02-21 04:50:56,2.45
2026-02-21 04:40:55,2.33
2026-02-21 04:30:54,2.47
2026-02-21 04:20:53,2.39
2026-02-21 04:10:52,2.37
2026-02-21 04:00:51,2.38
2026-02-21 03:50:50,2.31
2026-02-21 03:40:49,2.37
2026-02-21 03:30:48,2.45
2026-02-21 03:20:47,2.37
2026-02-21 03:10:46,2.36
2026-02-21 03:00:45,2.40
2026-02-21 02:50:44,2.33
2026-02-21 02:40:43,2.48
2026-02-21 02:30:42,2.36
2026-02-21 02:20:41,2.35
2026-02-21 02:10:40,2.37
2026-02-21 02:00:39,2.45
2026-02-21 01:50:38,2.49
2026-02-21 01:40:37,2.35
2026-02-21 01:30:36,2.37
2026-02-21 01:20:35,2.48
2026-02-21 01:10:34,2.36
2026-02-21 01:00:33,2.46
2026-02-21 00:50:32,2.36
2026-02-21 00:40:31,2.29
2026-02-21 00:30:30,2.31
2026-02-21 00:20:29,2.29
2026-02-21 00:10:28,2.33
2026-02-21 00:00:27,2.32
2026-02-20 23:50:26,2.31
2026-02-20 23:40:25,2.28
2026-02-20 23:30:24,2.29
2026-02-20 23:20:23,2.26
2026-02-20 23:10:22,2.24
2026-02-20 23:00:21,2.24
2026-02-20 22:50:20,2.23
2026-02-20 22:40:19,2.24
2026-02-20 22:30:18,2.24
2026-02-20 22:20:17,2.24
2026-02-20 22:10:16,2.34
2026-02-20 22:00:15,2.28
2026-02-20 21:50:14,2.26
2026-02-20 21:40:13,2.25
2026-02-20 21:30:12,2.25
2026-02-20 21:20:11,2.20
2026-02-20 21:10:10,2.22
2026-02-20 21:00:09,2.24
2026-02-20 20:50:08,2.25
2026-02-20 20:40:07,2.21
2026-02-20 20:30:06,2.27
2026-02-20 20:20:05,2.26
2026-02-20 20:11:04,2.26
2026-02-20 20:01:03,2.22
2026-02-20 19:51:02,2.22
2026-02-20 19:41:01,2.23
2026-02-20 19:31:00,2.23
2026-02-20 19:20:59,2.23
2026-02-20 19:10:58,2.22
2026-02-20 19:00:57,2.22
2026-02-20 18:50:56,2.24
2026-02-20 18:40:55,2.23
2026-02-20 18:30:54,2.26
2026-02-20 18:20:53,2.21
2026-02-20 18:10:52,2.21
2026-02-20 18:00:51,2.21
2026-02-20 17:50:50,2.23
2026-02-20 17:40:49,2.28
2026-02-20 17:30:48,2.23
2026-02-20 17:20:47,2.25
2026-02-20 17:10:46,2.26
2026-02-20 17:00:45,2.25
2026-02-20 16:50:44,2.22
2026-02-20 16:40:43,2.27
2026-02-20 16:30:42,2.26
2026-02-20 16:20:41,2.23
2026-02-20 16:10:40,2.23
2026-02-20 16:00:39,2.29
2026-02-20 15:50:38,2.33
2026-02-20 15:40:37,2.23
2026-02-20 15:30:36,2.36
2026-02-20 15:20:35,2.35
2026-02-20 15:10:34,2.30
2026-02-20 15:00:33,2.27
2026-02-20 14:50:32,2.39
2026-02-20 14:40:31,2.42
2026-02-20 14:30:30,2.32
2026-02-20 14:20:29,2.39
2026-02-20 14:10:28,2.28
2026-02-20 14:00:27,2.30
2026-02-20 13:50:26,2.26
2026-02-20 13:40:25,2.26
2026-02-20 13:30:24,2.22
2026-02-20 13:20:23,2.25
2026-02-20 13:10:22,2.32
2026-02-20 13:00:21,2.30
2026-02-20 12:50:20,2.24
2026-02-20 12:40:19,2.22
2026-02-20 12:30:18,2.20
2026-02-20 12:20:17,2.23
2026-02-20 12:10:16,2.26
2026-02-20 12:00:15,2.23
2026-02-20 11:50:14,2.22
2026-02-20 11:40:13,2.22
2026-02-20 11:30:12,2.24
2026-02-20 11:20:11,2.25
2026-02-20 11:10:10,2.25
2026-02-20 11:00:09,2.28
2026-02-20 10:50:08,2.24
2026-02-20 10:40:07,2.24
2026-02-20 10:30:06,2.23
2026-02-20 10:20:05,2.25
2026-02-20 10:11:04,2.25
2026-02-20 10:01:03,2.28
2026-02-20 09:51:02,2.27
2026-02-20 09:41:01,2.24
2026-02-20 09:31:00,2.24
2026-02-20 09:20:59,2.26
2026-02-20 09:10:58,2.25
2026-02-20 09:00:57,2.25
2026-02-20 08:50:56,2.23
2026-02-20 08:40:55,2.21
2026-02-20 08:30:54,2.26
2026-02-20 08:20:53,2.24
2026-02-20 08:10:52,2.27
2026-02-20 08:00:51,2.27
2026-02-20 07:50:50,2.26
2026-02-20 07:40:49,2.28
2026-02-20 07:30:48,2.27
2026-02-20 07:20:47,2.28
2026-02-20 07:10:46,2.31
2026-02-20 07:00:45,2.30
2026-02-20 06:50:44,2.33
2026-02-20 06:40:43,2.32
2026-02-20 06:30:42,2.34
2026-02-20 06:20:41,2.31
2026-02-20 06:10:40,2.40
2026-02-20 06:00:39,2.44
2026-02-20 05:50:38,2.39
2026-02-20 05:40:37,2.40
2026-02-20 05:30:36,2.36
2026-02-20 05:20:35,2.41
2026-02-20 05:10:34,2.35
2026-02-20 05:00:33,2.41
2026-02-20 04:50:32,2.48
2026-02-20 04:40:31,2.41
2026-02-20 04:30:30,2.37
2026-02-20 04:20:29,2.39
2026-02-20 04:10:28,2.36
2026-02-20 04:00:27,2.33
2026-02-20 03:50:26,2.37
2026-02-20 03:40:25,2.42
2026-02-20 03:30:24,2.38
2026-02-20 03:20:23,2.41
2026-02-20 03:10:22,2.40
2026-02-20 03:00:21,2.46
2026-02-20 02:50:20,2.45
2026-02-20 02:40:19,2.38
2026-02-20 02:30:18,2.48
2026-02-20 02:20:17,2.42
2026-02-20 02:10:16,2.48
2026-02-20 02:00:15,2.43
2026-02-20 01:50:14,2.34
2026-02-20 01:40:13,2.49
2026-02-20 01:30:12,2.32
2026-02-20 01:20:11,2.32
2026-02-20 01:10:10,2.39
2026-02-20 01:00:09,2.34
2026-02-20 00:50:08,2.32
2026-02-20 00:40:07,2.27
2026-02-20 00:30:06,2.32
2026-02-20 00:20:05,2.26
2026-02-20 00:11:04,2.33
2026-02-20 00:01:03,2.33
2026-02-19 23:51:02,2.38
2026-02-19 23:41:01,2.27
2026-02-19 23:31:00,2.24
2026-02-19 23:20:59,2.37
2026-02-19 23:10:58,2.27
2026-02-19 23:00:57,2.24
2026-02-19 22:50:56,2.28
2026-02-19 22:40:55,2.31
2026-02-19 22:30:54,2.24
2026-02-19 22:20:53,2.23
2026-02-19 22:10:52,2.27
2026-02-19 22:00:51,2.21
2026-02-19 21:50:50,2.22
2026-02-19 21:40:49,2.23
2026-02-19 21:30:48,2.22
2026-02-19 21:20:47,2.22
2026-02-19 21:10:46,2.28
2026-02-19 21:00:45,2.33
2026-02-19 20:50:44,2.30
2026-02-19 20:40:43,2.27
2026-02-19 20:30:42,2.24
2026-02-19 20:20:41,2.25
2026-02-19 20:10:40,2.25
2026-02-19 20:00:39,2.27
2026-02-19 19:50:38,2.25
2026-02-19 19:40:37,2.24
2026-02-19 19:30:36,2.22
2026-02-19 19:20:35,2.23
2026-02-19 19:10:34,2.26
2026-02-19 19:00:33,2.24
2026-02-19 18:50:32,2.23
2026-02-19 18:40:31,2.21
2026-02-19 18:30:30,2.23
2026-02-19 18:20:29,2.24
2026-02-19 18:10:28,2.23
2026-02-19 18:00:27,2.23
2026-02-19 17:50:26,2.23
2026-02-19 17:40:25,2.22
2026-02-19 17:30:24,2.22
2026-02-19 17:20:23,2.27
2026-02-19 17:10:22,2.31
2026-02-19 17:00:21,2.29
2026-02-19 16:50:20,2.26
2026-02-19 16:40:19,2.30
2026-02-19 16:30:18,2.27
2026-02-19 16:20:17,2.26
2026-02-19 16:10:16,2.23
2026-02-19 16:00:15,2.27
2026-02-19 15:50:14,2.27
2026-02-19 15:40:13,2.38
2026-02-19 15:30:12,2.31
2026-02-19 15:20:11,2.32
2026-02-19 15:10:10,2.27
2026-02-19 15:00:09,2.35
2026-02-19 14:50:08,2.30
2026-02-19 14:40:07,2.35
2026-02-19 14:30:06,2.25
2026-02-19 14:20:05,2.26
2026-02-19 14:11:04,2.28
2026-02-19 14:01:03,2.26
2026-02-19 13:51:02,2.30
2026-02-19 13:41:01,2.25
2026-02-19 13:31:00,2.26
2026-02-19 13:20:59,2.22
2026-02-19 13:10:58,2.36
2026-02-19 13:00:57,2.24
2026-02-19 12:50:56,2.29
2026-02-19 12:40:55,2.25
2026-02-19 12:30:54,2.24
2026-02-19 12:20:53,2.21
2026-02-19 12:10:52,2.27
2026-02-19 12:00:51,2.24
2026-02-19 11:50:50,2.24
2026-02-19 11:40:49,2.23
2026-02-19 11:30:48,2.22
2026-02-19 11:20:47,2.22
2026-02-19 11:10:46,2.21
2026-02-19 11:00:45,2.23
2026-02-19 10:50:44,2.24
2026-02-19 10:40:43,2.26
2026-02-19 10:30:42,2.26
2026-02-19 10:20:41,2.21
2026-02-19 10:10:40,2.24
2026-02-19 10:00:39,2.23
2026-02-19 09:50:38,2.24
2026-02-19 09:40:37,2.21
2026-02-19 09:30:36,2.21
2026-02-19 09:20:35,2.23
2026-02-19 09:10:34,2.25
2026-02-19 09:00:33,2.23
2026-02-19 08:50:32,2.26
2026-02-19 08:40:31,2.24
2026-02-19 08:30:30,2.25
2026-02-19 08:20:29,2.22
2026-02-19 08:10:28,2.25
2026-02-19 08:00:27,2.25
2026-02-19 07:50:26,2.20
2026-02-19 07:40:25,2.25
2026-02-19 07:30:24,2.25
2026-02-19 07:20:23,2.23
2026-02-19 07:10:22,2.28
2026-02-19 07:00:21,2.31
2026-02-19 06:50:20,2.32
2026-02-19 06:40:19,2.28
2026-02-19 06:30:18,2.33
2026-02-19 06:20:17,2.37
2026-02-19 06:10:16,2.32
2026-02-19 06:00:15,2.31
2026-02-19 05:50:14,2.41
2026-02-19 05:40:13,2.41
2026-02-19 05:30:12,2.40
2026-02-19 05:20:11,2.43
2026-02-19 05:10:10,2.35
2026-02-19 05:00:09,2.42
2026-02-19 04:50:08,2.49
2026-02-19 04:40:07,2.43
2026-02-19 04:30:06,2.37
2026-02-19 04:20:05,2.36
2026-02-19 04:11:04,2.34
2026-02-19 04:01:03,2.36
2026-02-19 03:51:02,2.42
2026-02-19 03:41:01,2.37
2026-02-19 03:31:00,2.45
2026-02-19 03:20:59,2.42
2026-02-19 03:10:58,2.30
2026-02-19 03:00:57,2.36
2026-02-19 03:00:57,2.36
2026-02-19 02:50:56,2.47
2026-02-19 02:50:56,2.47
2026-02-19 02:40:55,2.47
2026-02-19 02:40:55,2.47
2026-02-19 02:30:54,2.36
2026-02-19 02:30:54,2.36
2026-02-19 02:20:53,2.37
2026-02-19 02:20:53,2.37
2026-02-19 02:10:52,2.46
2026-02-19 02:10:52,2.46
2026-02-19 02:00:51,2.43
2026-02-19 01:50:50,2.38
2026-02-19 01:40:49,2.33
2026-02-19 01:30:48,2.33
2026-02-19 01:20:47,2.38
2026-02-19 01:10:46,2.33
2026-02-19 01:00:45,2.45
2026-02-19 00:50:44,2.37
2026-02-19 00:40:43,2.31
2026-02-19 00:30:42,2.31
2026-02-19 00:20:41,2.40
2026-02-19 00:10:40,2.26
2026-02-19 00:00:39,2.43
2026-02-18 23:50:38,2.34
2026-02-18 23:40:37,2.29
2026-02-18 23:30:36,2.39
2026-02-18 23:20:35,2.30
2026-02-18 23:10:34,2.30
2026-02-18 23:00:33,2.29
2026-02-18 22:50:32,2.33
2026-02-18 22:40:31,2.22
2026-02-18 22:30:30,2.21
2026-02-18 22:20:29,2.23
2026-02-18 22:10:28,2.25
2026-02-18 22:00:27,2.24
2026-02-18 21:50:26,2.24
2026-02-18 21:40:25,2.25
2026-02-18 21:30:24,2.23
2026-02-18 21:20:23,2.24
2026-02-18 21:10:22,2.24
2026-02-18 21:00:21,2.26
2026-02-18 20:50:20,2.27
2026-02-18 20:40:19,2.27
2026-02-18 20:30:18,2.27
2026-02-18 20:20:17,2.24
2026-02-18 20:10:16,2.23
2026-02-18 20:00:15,2.25
2026-02-18 19:50:14,2.23
2026-02-18 19:40:13,2.24
2026-02-18 19:30:12,2.27
2026-02-18 19:20:11,2.26
2026-02-18 19:10:10,2.25
2026-02-18 19:00:09,2.24
2026-02-18 18:50:08,2.19
2026-02-18 18:40:07,2.23
2026-02-18 18:30:06,2.25
2026-02-18 18:20:05,2.25
2026-02-18 18:11:04,2.24
2026-02-18 18:01:03,2.27
2026-02-18 17:51:02,2.27
2026-02-18 17:41:01,2.24
2026-02-18 17:31:00,2.30
2026-02-18 17:20:59,2.27
2026-02-18 17:10:58,2.27
2026-02-18 17:00:57,2.24
2026-02-18 16:50:56,2.26
2026-02-18 16:40:55,2.30
2026-02-18 16:30:54,2.32
2026-02-18 16:20:53,2.29
2026-02-18 16:10:52,2.31
2026-02-18 16:00:51,2.38
2026-02-18 15:50:50,2.31
2026-02-18 15:40:49,2.30
2026-02-18 15:30:48,2.32
2026-02-18 15:20:47,2.24
2026-02-18 15:10:46,2.30
2026-02-18 15:00:45,2.26
2026-02-18 14:50:44,2.33
2026-02-18 14:40:43,2.26
2026-02-18 14:30:42,2.30
2026-02-18 14:20:41,2.29
2026-02-18 14:10:40,2.26
2026-02-18 14:00:39,2.35
2026-02-18 13:50:38,2.34
2026-02-18 13:40:37,2.27
2026-02-18 13:30:36,2.32
2026-02-18 13:20:35,2.31
2026-02-18 13:10:34,2.26
2026-02-18 13:00:33,2.28
2026-02-18 12:50:32,2.28
2026-02-18 12:40:31,2.26
2026-02-18 12:30:30,2.27
2026-02-18 12:20:29,2.23
2026-02-18 12:10:28,2.25
2026-02-18 12:00:27,2.26
2026-02-18 11:50:26,2.22
2026-02-18 11:40:25,2.25
2026-02-18 11:30:24,2.24
2026-02-18 11:20:23,2.28
2026-02-18 11:10:22,2.24
2026-02-18 11:00:21,2.27
2026-02-18 10:50:20,2.29
2026-02-18 10:40:19,2.24
2026-02-18 10:30:18,2.25
2026-02-18 10:20:17,2.22
2026-02-18 10:10:16,2.23
2026-02-18 10:00:15,2.24
2026-02-18 09:50:14,2.26
2026-02-18 09:40:13,2.21
2026-02-18 09:30:12,2.27
2026-02-18 09:20:11,2.22
2026-02-18 09:10:10,2.23
2026-02-18 09:00:09,2.23
2026-02-18 08:50:08,2.24
2026-02-18 08:40:07,2.23
2026-02-18 08:30:06,2.21
2026-02-18 08:20:05,2.21
2026-02-18 08:11:04,2.22
2026-02-18 08:01:03,2.20
2026-02-18 07:51:02,2.26
2026-02-18 07:41:01,2.26
2026-02-18 07:31:00,2.27
2026-02-18 07:20:59,2.27
2026-02-18 07:10:58,2.29
2026-02-18 07:00:57,2.33
2026-02-18 06:50:56,2.31
2026-02-18 06:40:55,2.34
2026-02-18 06:30:54,2.37
2026-02-18 06:20:53,2.35
2026-02-18 06:10:52,2.31
2026-02-18 06:00:51,2.34
2026-02-18 05:50:50,2.34
2026-02-18 05:40:49,2.39
2026-02-18 05:30:48,2.36
2026-02-18 05:20:47,2.39
2026-02-18 05:10:46,2.35
2026-02-18 05:00:45,2.36
2026-02-18 04:50:44,2.41
2026-02-18 04:40:43,2.33
2026-02-18 04:30:42,2.34
2026-02-18 04:20:41,2.34
2026-02-18 04:10:40,2.33
2026-02-18 04:00:39,2.28
2026-02-18 03:50:38,2.33
2026-02-18 03:40:37,2.33
2026-02-18 03:30:36,2.42
2026-02-18 03:20:35,2.34
2026-02-18 03:10:34,2.33
2026-02-18 03:00:33,2.31
2026-02-18 02:50:32,2.32
2026-02-18 02:40:31,2.47
2026-02-18 02:30:30,2.43
2026-02-18 02:20:29,2.35
2026-02-18 02:10:28,2.40
2026-02-18 02:00:27,2.39
2026-02-18 01:50:26,2.31
2026-02-18 01:40:25,2.35
2026-02-18 01:30:24,2.43
2026-02-18 01:20:23,2.39
2026-02-18 01:10:22,2.48
2026-02-18 01:00:21,2.43
2026-02-18 00:50:20,2.40
2026-02-18 00:40:19,2.30
2026-02-18 00:30:18,2.35
2026-02-18 00:20:17,2.38
2026-02-18 00:10:16,2.31
2026-02-18 00:00:15,2.37
2026-02-17 23:50:14,2.28
2026-02-17 23:40:13,2.24
2026-02-17 23:30:12,2.30
2026-02-17 23:20:11,2.30
2026-02-17 23:10:10,2.23
2026-02-17 23:00:09,2.21
2026-02-17 22:50:08,2.23
2026-02-17 22:40:07,2.23
2026-02-17 22:30:06,2.32
2026-02-17 22:20:05,2.25
2026-02-17 22:11:04,2.24
2026-02-17 22:01:03,2.24
2026-02-17 21:51:02,2.25
2026-02-17 21:41:01,2.29
2026-02-17 21:31:00,2.30
2026-02-17 21:20:59,2.22
2026-02-17 21:10:58,2.25
2026-02-17 21:00:57,2.24
2026-02-17 20:50:56,2.23
2026-02-17 20:40:55,2.24
2026-02-17 20:30:54,2.25
2026-02-17 20:20:53,2.22
2026-02-17 20:10:52,2.27
2026-02-17 20:00:51,2.27
2026-02-17 19:50:50,2.35
2026-02-17 19:40:49,2.26
2026-02-17 19:30:48,2.23
2026-02-17 19:20:47,2.24
2026-02-17 19:10:46,2.21
2026-02-17 19:00:45,2.22
2026-02-17 18:50:44,2.22
2026-02-17 18:40:43,2.20
2026-02-17 18:30:42,2.20
2026-02-17 18:20:41,2.22
2026-02-17 18:10:40,2.20
2026-02-17 18:00:39,2.25
2026-02-17 17:50:38,2.23
2026-02-17 17:40:37,2.21
2026-02-17 17:30:36,2.23
2026-02-17 17:20:35,2.24
2026-02-17 17:10:34,2.28
2026-02-17 17:00:33,2.25
2026-02-17 16:50:32,2.23
2026-02-17 16:40:31,2.26
2026-02-17 16:30:30,2.25
2026-02-17 16:20:29,2.26
2026-02-17 16:10:28,2.26
2026-02-17 16:00:27,2.29
2026-02-17 15:50:26,2.26
2026-02-17 15:40:25,2.28
2026-02-17 15:30:24,2.30
2026-02-17 15:20:23,2.25
2026-02-17 15:10:22,2.32
2026-02-17 15:00:21,2.34
2026-02-17 14:50:20,2.30
2026-02-17 14:40:19,2.31
2026-02-17 14:30:18,2.31
2026-02-17 14:20:17,2.32
2026-02-17 14:10:16,2.24
2026-02-17 14:00:15,2.25
2026-02-17 13:50:14,2.28
2026-02-17 13:40:13,2.26
2026-02-17 13:30:12,2.29
2026-02-17 13:20:11,2.28
2026-02-17 13:10:10,2.24
2026-02-17 13:00:09,2.25
2026-02-17 12:50:08,2.23
2026-02-17 12:40:07,2.24
2026-02-17 12:30:06,2.25
2026-02-17 12:20:05,2.25
2026-02-17 12:11:04,2.25
2026-02-17 12:01:03,2.22
2026-02-17 11:51:02,2.25
2026-02-17 11:41:01,2.26
2026-02-17 11:31:00,2.23
2026-02-17 11:20:59,2.25
2026-02-17 11:10:58,2.27
2026-02-17 11:00:57,2.24
2026-02-17 10:50:56,2.25
2026-02-17 10:40:55,2.26
2026-02-17 10:30:54,2.25
2026-02-17 10:20:53,2.33
2026-02-17 10:10:52,2.26
2026-02-17 10:00:51,2.30
2026-02-17 09:50:50,2.25
2026-02-17 09:40:49,2.23
2026-02-17 09:30:48,2.18
2026-02-17 09:20:47,2.27
2026-02-17 09:10:46,2.24
2026-02-17 09:00:45,2.22
2026-02-17 08:50:44,2.23
2026-02-17 08:40:43,2.24
2026-02-17 08:30:42,2.26
2026-02-17 08:20:41,2.25
2026-02-17 08:10:40,2.24
2026-02-17 08:00:39,2.23
2026-02-17 07:50:38,2.22
2026-02-17 07:40:37,2.28
2026-02-17 07:30:36,2.27
2026-02-17 07:20:35,2.28
2026-02-17 07:10:34,2.32
2026-02-17 07:00:33,2.30
2026-02-17 06:50:32,2.35
2026-02-17 06:40:31,2.31
2026-02-17 06:30:30,2.31
2026-02-17 06:20:29,2.33
2026-02-17 06:10:28,2.33
2026-02-17 06:00:27,2.34
2026-02-17 05:50:26,2.35
2026-02-17 05:40:25,2.38
2026-02-17 05:30:24,2.42
2026-02-17 05:20:23,2.37
2026-02-17 05:10:22,2.35
2026-02-17 05:00:21,2.41
2026-02-17 04:50:20,2.38
2026-02-17 04:40:19,2.43
2026-02-17 04:30:18,2.35
2026-02-17 04:20:17,2.35
2026-02-17 04:10:16,2.31
2026-02-17 04:00:15,2.39
2026-02-17 03:50:14,2.40
2026-02-17 03:40:13,2.32
2026-02-17 03:30:12,2.39
2026-02-17 03:20:11,2.32
2026-02-17 03:10:10,2.40
2026-02-17 03:00:09,2.30
2026-02-17 02:50:08,2.36
2026-02-17 02:40:07,2.31
2026-02-17 02:30:06,2.36
2026-02-17 02:20:05,2.30
2026-02-17 02:11:04,2.33
2026-02-17 02:01:03,2.40
2026-02-17 01:51:02,2.39
2026-02-17 01:41:01,2.36
2026-02-17 01:31:00,2.33
2026-02-17 01:20:59,2.32
2026-02-17 01:10:58,2.28
2026-02-17 01:00:57,2.27
2026-02-17 00:50:56,2.26
2026-02-17 00:40:55,2.25
2026-02-17 00:30:54,2.24
2026-02-17 00:20:53,2.36
2026-02-17 00:10:52,2.29
2026-02-17 00:00:51,2.26
2026-02-16 23:50:50,2.25
2026-02-16 23:40:49,2.29
2026-02-16 23:30:48,2.23
2026-02-16 23:20:47,2.27
2026-02-16 23:10:46,2.24
2026-02-16 23:00:45,2.24
2026-02-16 22:50:44,2.21
2026-02-16 22:40:43,2.21
2026-02-16 22:30:42,2.22
2026-02-16 22:20:41,2.21
2026-02-16 22:10:40,2.21
2026-02-16 22:00:39,2.25
2026-02-16 21:50:38,2.24
2026-02-16 21:40:37,2.23
2026-02-16 21:30:36,2.23
2026-02-16 21:20:35,2.24
2026-02-16 21:10:34,2.19
2026-02-16 21:00:33,2.24
2026-02-16 20:50:32,2.20
2026-02-16 20:40:31,2.18
2026-02-16 20:30:30,2.25
2026-02-16 20:20:29,2.28
2026-02-16 20:10:28,2.25
2026-02-16 20:00:27,2.22
2026-02-16 19:50:26,2.23
2026-02-16 19:40:25,2.27
2026-02-16 19:30:24,2.25
2026-02-16 19:20:23,2.20
2026-02-16 19:10:22,2.23
2026-02-16 19:00:21,2.21
2026-02-16 18:50:20,2.20
2026-02-16 18:40:19,2.24
2026-02-16 18:30:18,2.22
2026-02-16 18:20:17,2.22
2026-02-16 18:10:16,2.23
2026-02-16 18:00:15,2.22
2026-02-16 17:50:14,2.23
2026-02-16 17:40:13,2.22
2026-02-16 17:30:12,2.20
2026-02-16 17:20:11,2.20
2026-02-16 17:10:10,2.22
2026-02-16 17:00:09,2.25
2026-02-16 16:50:08,2.23
2026-02-16 16:40:07,2.24
2026-02-16 16:30:06,2.27
2026-02-16 16:20:05,2.24
2026-02-16 16:11:04,2.25
2026-02-16 16:01:03,2.24
2026-02-16 15:51:02,2.28
2026-02-16 15:41:01,2.27
2026-02-16 15:31:00,2.26
2026-02-16 15:20:59,2.24
2026-02-16 15:10:58,2.28
2026-02-16 15:00:57,2.28
2026-02-16 14:50:56,2.27
2026-02-16 14:40:55,2.21
2026-02-16 14:30:54,2.27
2026-02-16 14:20:53,2.23
2026-02-16 14:10:52,2.25
2026-02-16 14:00:51,2.26
2026-02-16 13:50:50,2.28
2026-02-16 13:40:49,2.25
2026-02-16 13:30:48,2.24
2026-02-16 13:20:47,2.23
2026-02-16 13:10:46,2.24
2026-02-16 13:00:45,2.25
2026-02-16 12:50:44,2.21
2026-02-16 12:40:43,2.24
2026-02-16 12:30:42,2.21
2026-02-16 12:20:41,2.24
2026-02-16 12:10:40,2.22
2026-02-16 12:00:39,2.22
2026-02-16 11:50:38,2.19
2026-02-16 11:40:37,2.19
2026-02-16 11:30:36,2.17
2026-02-16 11:20:35,2.21
2026-02-16 11:10:34,2.21
2026-02-16 11:00:33,2.21
2026-02-16 10:50:32,2.23
2026-02-16 10:40:31,2.20
2026-02-16 10:30:30,2.22
2026-02-16 10:20:29,2.22
2026-02-16 10:10:28,2.21
2026-02-16 10:00:27,2.21
2026-02-16 09:50:26,2.19
2026-02-16 09:40:25,2.22
2026-02-16 09:30:24,2.23
2026-02-16 09:20:23,2.20
2026-02-16 09:10:22,2.21
2026-02-16 09:00:21,2.20
2026-02-16 08:50:20,2.21
2026-02-16 08:40:19,2.30
2026-02-16 08:30:18,2.21
2026-02-16 08:20:17,2.21
2026-02-16 08:10:16,2.22
2026-02-16 08:00:15,2.25
2026-02-16 07:50:14,2.26
2026-02-16 07:40:13,2.27
2026-02-16 07:30:12,2.27
2026-02-16 07:20:11,2.24
2026-02-16 07:10:10,2.32
2026-02-16 07:00:09,2.32
2026-02-16 06:50:08,2.30
2026-02-16 06:40:07,2.32
2026-02-16 06:30:06,2.29
2026-02-16 06:20:05,2.29
2026-02-16 06:11:04,2.41
2026-02-16 06:01:03,2.27
2026-02-16 05:51:02,2.41
2026-02-16 05:41:01,2.42
2026-02-16 05:31:00,2.37
2026-02-16 05:20:59,2.40
2026-02-16 05:10:58,2.41
2026-02-16 05:00:57,2.40
2026-02-16 04:50:56,2.37
2026-02-16 04:40:55,2.45
2026-02-16 04:30:54,2.36
2026-02-16 04:20:53,2.36
2026-02-16 04:10:52,2.33
2026-02-16 04:00:51,2.32
2026-02-16 03:50:50,2.36
2026-02-16 03:40:49,2.41
2026-02-16 03:30:48,2.39
2026-02-16 03:20:47,2.34
2026-02-16 03:10:46,2.29
2026-02-16 03:00:45,2.43
2026-02-16 02:50:44,2.38
2026-02-16 02:40:43,2.48
2026-02-16 02:30:42,2.41
2026-02-16 02:20:41,2.43
2026-02-16 02:10:40,2.39
2026-02-16 02:00:39,2.35
2026-02-16 01:50:38,2.39
2026-02-16 01:40:37,2.34
2026-02-16 01:30:36,2.40
2026-02-16 01:20:35,2.30
2026-02-16 01:10:34,2.38
2026-02-16 01:00:33,2.36
2026-02-16 00:50:32,2.29
2026-02-16 00:40:31,2.30
2026-02-16 00:30:30,2.33
2026-02-16 00:20:29,2.31
2026-02-16 00:10:28,2.32
2026-02-16 00:00:27,2.43
2026-02-15 23:50:26,2.24
2026-02-15 23:40:25,2.26
2026-02-15 23:30:24,2.26
2026-02-15 23:20:23,2.21
2026-02-15 23:10:22,2.24
2026-02-15 23:00:21,2.31
2026-02-15 22:50:20,2.24
2026-02-15 22:40:19,2.26
2026-02-15 22:30:18,2.21
2026-02-15 22:20:17,2.23
2026-02-15 22:10:16,2.19
2026-02-15 22:00:15,2.21
2026-02-15 21:50:14,2.22
2026-02-15 21:40:13,2.19
2026-02-15 21:30:12,2.21
2026-02-15 21:20:11,2.22
2026-02-15 21:10:10,2.25
2026-02-15 21:00:09,2.22
2026-02-15 20:50:08,2.22
2026-02-15 20:40:07,2.20
2026-02-15 20:30:06,2.23
2026-02-15 20:20:05,2.21
2026-02-15 20:11:04,2.21
2026-02-15 20:01:03,2.23
2026-02-15 19:51:02,2.22
2026-02-15 19:41:01,2.23
2026-02-15 19:31:00,2.23
2026-02-15 19:20:59,2.21
2026-02-15 19:10:58,2.23
2026-02-15 19:00:57,2.21
2026-02-15 18:50:56,2.23
2026-02-15 18:40:55,2.23
2026-02-15 18:30:54,2.23
2026-02-15 18:20:53,2.23
2026-02-15 18:10:52,2.23
2026-02-15 18:00:51,2.23
2026-02-15 17:50:50,2.23
2026-02-15 17:40:49,2.23
2026-02-15 17:30:48,2.25
2026-02-15 17:20:47,2.23
2026-02-15 17:10:46,2.22
2026-02-15 17:00:45,2.25
2026-02-15 16:50:44,2.25
2026-02-15 16:40:43,2.25
2026-02-15 16:30:42,2.28
2026-02-15 16:20:41,2.27
2026-02-15 16:10:40,2.25
2026-02-15 16:00:39,2.24
2026-02-15 15:50:38,2.24
2026-02-15 15:40:37,2.27
2026-02-15 15:30:36,2.30
2026-02-15 15:20:35,2.22
2026-02-15 15:10:34,2.25
2026-02-15 15:00:33,2.29
2026-02-15 14:50:32,2.30
2026-02-15 14:40:31,2.33
2026-02-15 14:30:30,2.30
2026-02-15 14:20:29,2.24
2026-02-15 14:10:28,2.30
2026-02-15 14:00:27,2.24
2026-02-15 13:50:26,2.25
2026-02-15 13:40:25,2.24
2026-02-15 13:30:24,2.26
2026-02-15 13:20:23,2.25
2026-02-15 13:10:22,2.24
2026-02-15 13:00:21,2.23
2026-02-15 12:50:20,2.24
2026-02-15 12:40:19,2.21
2026-02-15 12:30:18,2.20
2026-02-15 12:20:17,2.21
2026-02-15 12:10:16,2.23
2026-02-15 12:00:15,2.22
2026-02-15 11:50:14,2.23
2026-02-15 11:40:13,2.20
2026-02-15 11:30:12,2.21
2026-02-15 11:20:11,2.24
2026-02-15 11:10:10,2.25
2026-02-15 11:00:09,2.20
2026-02-15 10:50:08,2.22
2026-02-15 10:40:07,2.23
2026-02-15 10:30:06,2.20
2026-02-15 10:20:05,2.20
2026-02-15 10:11:04,2.19
2026-02-15 10:01:03,2.23
2026-02-15 09:51:02,2.23
2026-02-15 09:41:01,2.24
2026-02-15 09:31:00,2.22
2026-02-15 09:20:59,2.24
2026-02-15 09:10:58,2.22
2026-02-15 09:00:57,2.25
2026-02-15 08:50:56,2.24
2026-02-15 08:40:55,2.22
2026-02-15 08:30:54,2.21
2026-02-15 08:20:53,2.24
2026-02-15 08:10:52,2.18
2026-02-15 08:00:51,2.23
2026-02-15 07:50:50,2.27
2026-02-15 07:40:49,2.24
2026-02-15 07:30:48,2.26
2026-02-15 07:20:47,2.25
2026-02-15 07:10:46,2.30
2026-02-15 07:00:45,2.29
2026-02-15 06:50:44,2.31
2026-02-15 06:40:43,2.27
2026-02-15 06:30:42,2.34
2026-02-15 06:20:41,2.34
2026-02-15 06:10:40,2.33
2026-02-15 06:00:39,2.34
2026-02-15 05:50:38,2.33
2026-02-15 05:40:37,2.36
2026-02-15 05:30:36,2.33
2026-02-15 05:20:35,2.37
2026-02-15 05:10:34,2.39
2026-02-15 05:00:33,2.41
2026-02-15 04:50:32,2.48
2026-02-15 04:40:31,2.39
2026-02-15 04:30:30,2.38
2026-02-15 04:20:29,2.33
2026-02-15 04:10:28,2.36
2026-02-15 04:00:27,2.36
2026-02-15 03:50:26,2.35
2026-02-15 03:40:25,2.45
2026-02-15 03:30:24,2.34
2026-02-15 03:20:23,2.42
2026-02-15 03:10:22,2.38
2026-02-15 03:00:21,2.50
2026-02-15 02:50:20,2.34
2026-02-15 02:40:19,2.36
2026-02-15 02:30:18,2.35
2026-02-15 02:20:17,2.39
2026-02-15 02:10:16,2.39
2026-02-15 02:00:15,2.41
2026-02-15 01:50:14,2.42
2026-02-15 01:40:13,2.45
2026-02-15 01:30:12,2.32
2026-02-15 01:20:11,2.30
2026-02-15 01:10:10,2.34
2026-02-15 01:00:09,2.33
2026-02-15 00:50:08,2.39
2026-02-15 00:40:07,2.39
2026-02-15 00:30:06,2.25
2026-02-15 00:20:05,2.27
2026-02-15 00:11:04,2.31
2026-02-15 00:01:03,2.35
2026-02-14 23:51:02,2.30
2026-02-14 23:41:01,2.33
2026-02-14 23:31:00,2.25
2026-02-14 23:20:59,2.27
2026-02-14 23:10:58,2.23
2026-02-14 23:00:57,2.27
2026-02-14 22:50:56,2.26
2026-02-14 22:40:55,2.25
2026-02-14 22:30:54,2.24
2026-02-14 22:20:53,2.24
2026-02-14 22:10:52,2.20
2026-02-14 22:00:51,2.18
2026-02-14 21:50:50,2.20
2026-02-14 21:40:49,2.21
2026-02-14 21:30:48,2.22
2026-02-14 21:20:47,2.22
2026-02-14 21:10:46,2.20
2026-02-14 21:00:45,2.19
2026-02-14 20:50:44,2.23
2026-02-14 20:40:43,2.21
2026-02-14 20:30:42,2.22
2026-02-14 20:20:41,2.21
2026-02-14 20:10:40,2.23
2026-02-14 20:00:39,2.22
2026-02-14 19:50:38,2.27
2026-02-14 19:40:37,2.24
2026-02-14 19:30:36,2.21
2026-02-14 19:20:35,2.23
2026-02-14 19:10:34,2.23
2026-02-14 19:00:33,2.25
2026-02-14 18:50:32,2.23
2026-02-14 18:40:31,2.22
2026-02-14 18:30:30,2.24
2026-02-14 18:20:29,2.22
2026-02-14 18:10:28,2.17
2026-02-14 18:00:27,2.22
2026-02-14 17:50:26,2.22
2026-02-14 17:40:25,2.24
2026-02-14 17:30:24,2.21
2026-02-14 17:20:23,2.24
2026-02-14 17:10:22,2.21
2026-02-14 17:00:21,2.27
2026-02-14 16:50:20,2.25
2026-02-14 16:40:19,2.23
2026-02-14 16:30:18,2.21
2026-02-14 16:20:17,2.24
2026-02-14 16:10:16,2.22
2026-02-14 16:00:15,2.24
2026-02-14 15:50:14,2.25
2026-02-14 15:40:13,2.27
2026-02-14 15:30:12,2.30
2026-02-14 15:20:11,2.25
2026-02-14 15:10:10,2.23
2026-02-14 15:00:09,2.31
2026-02-14 14:50:08,2.24
2026-02-14 14:40:07,2.29
2026-02-14 14:30:06,2.27
2026-02-14 14:20:05,2.25
2026-02-14 14:11:04,2.25
2026-02-14 14:01:03,2.28
2026-02-14 13:51:02,2.23
2026-02-14 13:41:01,2.25
2026-02-14 13:31:00,2.31
2026-02-14 13:20:59,2.24
2026-02-14 13:10:58,2.25
2026-02-14 13:00:57,2.21
2026-02-14 12:50:56,2.25
2026-02-14 12:40:55,2.25
2026-02-14 12:30:54,2.22
2026-02-14 12:20:53,2.25
2026-02-14 12:10:52,2.24
2026-02-14 12:00:51,2.21
2026-02-14 11:50:50,2.23
2026-02-14 11:40:49,2.22
2026-02-14 11:30:48,2.21
2026-02-14 11:20:47,2.20
2026-02-14 11:10:46,2.26
2026-02-14 11:00:45,2.23
2026-02-14 10:50:44,2.27
2026-02-14 10:40:43,2.26
2026-02-14 10:30:42,2.24
2026-02-14 10:20:41,2.26
2026-02-14 10:10:40,2.27
2026-02-14 10:00:39,2.23
2026-02-14 09:50:38,2.25
2026-02-14 09:40:37,2.28
2026-02-14 09:30:36,2.23
2026-02-14 09:20:35,2.23
2026-02-14 09:10:34,2.24
2026-02-14 09:00:33,2.26
2026-02-14 08:50:32,2.25
2026-02-14 08:40:31,2.27
2026-02-14 08:30:30,2.25
2026-02-14 08:20:29,2.25
2026-02-14 08:10:28,2.24
2026-02-14 08:00:27,2.24
2026-02-14 07:50:26,2.24
2026-02-14 07:40:25,2.24
2026-02-14 07:30:24,2.23
2026-02-14 07:20:23,2.22
2026-02-14 07:10:22,2.26
2026-02-14 07:00:21,2.29
2026-02-14 06:50:20,2.29
2026-02-14 06:40:19,2.32
2026-02-14 06:30:18,2.36
2026-02-14 06:20:17,2.31
2026-02-14 06:10:16,2.29
2026-02-14 06:00:15,2.46
2026-02-14 05:50:14,2.44
2026-02-14 05:40:13,2.44
2026-02-14 05:30:12,2.32
2026-02-14 05:20:11,2.37
2026-02-14 05:10:10,2.37
2026-02-14 05:00:09,2.29
2026-02-14 04:50:08,2.43
2026-02-14 04:40:07,2.37
2026-02-14 04:30:06,2.39
2026-02-14 04:20:05,2.36
2026-02-14 04:11:04,2.36
2026-02-14 04:01:03,2.36
2026-02-14 03:51:02,2.37
2026-02-14 03:41:01,2.39
2026-02-14 03:31:00,2.46
2026-02-14 03:20:59,2.43
2026-02-14 03:10:58,2.31
2026-02-14 03:00:57,2.35
2026-02-14 02:50:56,2.44
2026-02-14 02:40:55,2.48
2026-02-14 02:30:54,2.43
2026-02-14 02:20:53,2.33
2026-02-14 02:10:52,2.43
2026-02-14 02:00:51,2.31
2026-02-14 01:50:50,2.48
2026-02-14 01:40:49,2.36
2026-02-14 01:30:48,2.29
2026-02-14 01:20:47,2.31
2026-02-14 01:10:46,2.35
2026-02-14 01:00:45,2.38
2026-02-14 00:50:44,2.33
2026-02-14 00:40:43,2.41
2026-02-14 00:30:42,2.30
2026-02-14 00:20:41,2.44
2026-02-14 00:10:40,2.34
2026-02-14 00:00:39,2.38
