时间,恒大城二区低压出口_10k压力量产一批0002#压力值(KPa)
2026-02-27 14:00:20,2.61
2026-02-27 13:50:19,2.59
2026-02-27 13:40:18,2.56
2026-02-27 13:30:17,2.58
2026-02-27 13:20:16,2.64
2026-02-27 13:10:15,2.55
2026-02-27 13:00:14,2.54
2026-02-27 12:50:13,2.49
2026-02-27 12:40:12,2.55
2026-02-27 12:30:11,2.55
2026-02-27 12:20:10,2.53
2026-02-27 12:10:09,2.49
2026-02-27 12:00:08,2.51
2026-02-27 11:50:07,2.48
2026-02-27 11:40:06,2.49
2026-02-27 11:30:05,2.49
2026-02-27 11:20:04,2.51
2026-02-27 11:11:03,2.47
2026-02-27 11:01:02,2.53
2026-02-27 10:51:01,2.53
2026-02-27 10:41:00,2.46
2026-02-27 10:30:59,2.48
2026-02-27 10:20:58,2.50
2026-02-27 10:10:57,2.53
2026-02-27 10:00:56,2.58
2026-02-27 09:50:55,2.58
2026-02-27 09:40:54,2.52
2026-02-27 09:30:53,2.55
2026-02-27 09:20:52,2.55
2026-02-27 09:10:51,2.61
2026-02-27 09:00:50,2.55
2026-02-27 08:50:49,2.54
2026-02-27 08:40:48,2.53
2026-02-27 08:30:47,2.60
2026-02-27 08:20:46,2.54
2026-02-27 08:10:45,2.50
2026-02-27 08:00:44,2.48
2026-02-27 07:50:43,2.54
2026-02-27 07:40:42,2.47
2026-02-27 07:30:41,2.52
2026-02-27 07:20:40,2.53
2026-02-27 07:10:39,2.52
2026-02-27 07:00:38,2.55
2026-02-27 06:50:37,2.60
2026-02-27 06:40:36,2.55
2026-02-27 06:30:35,2.57
2026-02-27 06:20:34,2.60
2026-02-27 06:10:33,2.59
2026-02-27 06:00:32,2.61
2026-02-27 05:50:31,2.69
2026-02-27 05:40:30,2.66
2026-02-27 05:30:29,2.67
2026-02-27 05:20:28,2.69
2026-02-27 05:10:27,2.68
2026-02-27 05:00:26,2.70
2026-02-27 04:50:25,2.75
2026-02-27 04:40:24,2.69
2026-02-27 04:30:23,2.70
2026-02-27 04:20:22,2.74
2026-02-27 04:10:21,2.75
2026-02-27 04:00:20,2.65
2026-02-27 03:50:19,2.73
2026-02-27 03:40:18,2.71
2026-02-27 03:30:17,2.73
2026-02-27 03:20:16,2.78
2026-02-27 03:10:15,2.67
2026-02-27 03:00:14,2.87
2026-02-27 02:50:13,2.74
2026-02-27 02:40:12,2.84
2026-02-27 02:30:11,2.74
2026-02-27 02:20:10,2.74
2026-02-27 02:10:09,2.70
2026-02-27 02:00:08,2.79
2026-02-27 01:50:07,2.64
2026-02-27 01:40:06,2.80
2026-02-27 01:30:05,2.77
2026-02-27 01:20:04,2.66
2026-02-27 01:11:03,2.66
2026-02-27 01:01:02,2.87
2026-02-27 00:51:01,2.65
2026-02-27 00:41:00,2.70
2026-02-27 00:30:59,2.71
2026-02-27 00:20:58,2.64
2026-02-27 00:10:57,2.73
2026-02-27 00:00:56,2.71
2026-02-26 23:50:55,2.60
2026-02-26 23:40:54,2.73
2026-02-26 23:30:53,2.58
2026-02-26 23:20:52,2.66
2026-02-26 23:10:51,2.58
2026-02-26 23:00:50,2.67
2026-02-26 22:50:49,2.61
2026-02-26 22:40:48,2.59
2026-02-26 22:30:47,2.57
2026-02-26 22:20:46,2.60
2026-02-26 22:10:45,2.57
2026-02-26 22:00:44,2.62
2026-02-26 21:50:43,2.61
2026-02-26 21:40:42,2.58
2026-02-26 21:30:41,2.58
2026-02-26 21:20:40,2.60
2026-02-26 21:10:39,2.54
2026-02-26 21:00:38,2.55
2026-02-26 20:50:37,2.50
2026-02-26 20:40:36,2.51
2026-02-26 20:30:35,2.55
2026-02-26 20:20:34,2.58
2026-02-26 20:10:33,2.56
2026-02-26 20:00:32,2.58
2026-02-26 19:50:31,2.47
2026-02-26 19:40:30,2.56
2026-02-26 19:30:29,2.50
2026-02-26 19:20:28,2.53
2026-02-26 19:10:27,2.48
2026-02-26 19:00:26,2.47
2026-02-26 18:50:25,2.53
2026-02-26 18:40:24,2.47
2026-02-26 18:30:23,2.47
2026-02-26 18:20:22,2.45
2026-02-26 18:10:21,2.46
2026-02-26 18:00:20,2.46
2026-02-26 17:50:19,2.41
2026-02-26 17:40:18,2.50
2026-02-26 17:30:17,2.47
2026-02-26 17:20:16,2.44
2026-02-26 17:10:15,2.50
2026-02-26 17:00:14,2.51
2026-02-26 16:50:13,2.52
2026-02-26 16:40:12,2.54
2026-02-26 16:30:11,2.53
2026-02-26 16:20:10,2.56
2026-02-26 16:10:09,2.59
2026-02-26 16:00:08,2.56
2026-02-26 15:50:07,2.57
2026-02-26 15:40:06,2.58
2026-02-26 15:30:05,2.61
2026-02-26 15:20:04,2.58
2026-02-26 15:11:03,2.57
2026-02-26 15:01:02,2.55
2026-02-26 14:51:01,2.55
2026-02-26 14:41:00,2.59
2026-02-26 14:30:59,2.57
2026-02-26 14:20:58,2.62
2026-02-26 14:10:57,2.57
2026-02-26 14:00:56,2.57
2026-02-26 13:50:55,2.63
2026-02-26 13:40:54,2.61
2026-02-26 13:30:53,2.60
2026-02-26 13:20:52,2.57
2026-02-26 13:10:51,2.54
2026-02-26 13:00:50,2.57
2026-02-26 12:50:49,2.54
2026-02-26 12:40:48,2.56
2026-02-26 12:30:47,2.56
2026-02-26 12:20:46,2.48
2026-02-26 12:10:45,2.46
2026-02-26 12:00:44,2.47
2026-02-26 11:50:43,2.44
2026-02-26 11:40:42,2.46
2026-02-26 11:30:41,2.48
2026-02-26 11:20:40,2.52
2026-02-26 11:10:39,2.49
2026-02-26 11:00:38,2.51
2026-02-26 10:50:37,2.48
2026-02-26 10:40:36,2.53
2026-02-26 10:30:35,2.55
2026-02-26 10:20:34,2.55
2026-02-26 10:10:33,2.58
2026-02-26 10:00:32,2.55
2026-02-26 09:50:31,2.57
2026-02-26 09:40:30,2.55
2026-02-26 09:30:29,2.57
2026-02-26 09:20:28,2.57
2026-02-26 09:10:27,2.53
2026-02-26 09:00:26,2.55
2026-02-26 08:50:25,2.50
2026-02-26 08:40:24,2.49
2026-02-26 08:30:23,2.49
2026-02-26 08:20:22,2.52
2026-02-26 08:10:21,2.49
2026-02-26 08:00:20,2.53
2026-02-26 07:50:19,2.56
2026-02-26 07:40:18,2.50
2026-02-26 07:30:17,2.49
2026-02-26 07:20:16,2.49
2026-02-26 07:10:15,2.50
2026-02-26 07:00:14,2.57
2026-02-26 06:50:13,2.55
2026-02-26 06:40:12,2.63
2026-02-26 06:30:11,2.57
2026-02-26 06:20:10,2.59
2026-02-26 06:10:09,2.58
2026-02-26 06:00:08,2.64
2026-02-26 05:50:07,2.65
2026-02-26 05:40:06,2.70
2026-02-26 05:30:05,2.66
2026-02-26 05:20:04,2.63
2026-02-26 05:11:03,2.71
2026-02-26 05:01:02,2.70
2026-02-26 04:51:01,2.70
2026-02-26 04:41:00,2.70
2026-02-26 04:30:59,2.59
2026-02-26 04:20:58,2.63
2026-02-26 04:10:57,2.71
2026-02-26 04:00:56,2.81
2026-02-26 03:50:55,2.72
2026-02-26 03:40:54,2.79
2026-02-26 03:30:53,2.73
2026-02-26 03:20:52,2.71
2026-02-26 03:10:51,2.73
2026-02-26 03:00:50,2.80
2026-02-26 02:50:49,2.84
2026-02-26 02:40:48,2.75
2026-02-26 02:30:47,2.80
2026-02-26 02:20:46,2.66
2026-02-26 02:10:45,2.68
2026-02-26 02:00:44,2.87
2026-02-26 01:50:43,2.67
2026-02-26 01:40:42,2.81
2026-02-26 01:30:41,2.74
2026-02-26 01:20:40,2.63
2026-02-26 01:10:39,2.61
2026-02-26 01:00:38,2.72
2026-02-26 00:50:37,2.66
2026-02-26 00:40:36,2.72
2026-02-26 00:30:35,2.67
2026-02-26 00:20:34,2.79
2026-02-26 00:10:33,2.64
2026-02-26 00:00:32,2.75
2026-02-25 23:50:31,2.72
2026-02-25 23:40:30,2.61
2026-02-25 23:30:29,2.67
2026-02-25 23:20:28,2.63
2026-02-25 23:10:27,2.61
2026-02-25 23:00:26,2.63
2026-02-25 22:50:25,2.57
2026-02-25 22:40:24,2.66
2026-02-25 22:30:23,2.57
2026-02-25 22:20:22,2.61
2026-02-25 22:10:21,2.50
2026-02-25 22:00:20,2.55
2026-02-25 21:50:19,2.54
2026-02-25 21:40:18,2.52
2026-02-25 21:30:17,2.50
2026-02-25 21:20:16,2.54
2026-02-25 21:10:15,2.55
2026-02-25 21:00:14,2.54
2026-02-25 20:50:13,2.52
2026-02-25 20:40:12,2.58
2026-02-25 20:30:11,2.56
2026-02-25 20:20:10,2.52
2026-02-25 20:10:09,2.56
2026-02-25 20:00:08,2.61
2026-02-25 19:50:07,2.54
2026-02-25 19:40:06,2.55
2026-02-25 19:30:05,2.56
2026-02-25 19:20:04,2.53
2026-02-25 19:11:03,2.51
2026-02-25 19:01:02,2.53
2026-02-25 18:51:01,2.47
2026-02-25 18:41:00,2.48
2026-02-25 18:30:59,2.50
2026-02-25 18:20:58,2.49
2026-02-25 18:10:57,2.44
2026-02-25 18:00:56,2.46
2026-02-25 17:50:55,2.45
2026-02-25 17:40:54,2.40
2026-02-25 17:30:53,2.47
2026-02-25 17:20:52,2.47
2026-02-25 17:10:51,2.49
2026-02-25 17:00:50,2.53
2026-02-25 16:50:49,2.54
2026-02-25 16:40:48,2.52
2026-02-25 16:30:47,2.53
2026-02-25 16:20:46,2.46
2026-02-25 16:10:45,2.57
2026-02-25 16:00:44,2.56
2026-02-25 15:50:43,2.55
2026-02-25 15:40:42,2.57
2026-02-25 15:30:41,2.60
2026-02-25 15:20:40,2.61
2026-02-25 15:10:39,2.58
2026-02-25 15:00:38,2.58
2026-02-25 14:50:37,2.56
2026-02-25 14:40:36,2.61
2026-02-25 14:30:35,2.59
2026-02-25 14:20:34,2.55
2026-02-25 14:10:33,2.56
2026-02-25 14:00:32,2.58
2026-02-25 13:50:31,2.58
2026-02-25 13:40:30,2.52
2026-02-25 13:30:29,2.54
2026-02-25 13:20:28,2.56
2026-02-25 13:10:27,2.59
2026-02-25 13:00:26,2.60
2026-02-25 12:50:25,2.58
2026-02-25 12:40:24,2.50
2026-02-25 12:30:23,2.50
2026-02-25 12:20:22,2.51
2026-02-25 12:10:21,2.49
2026-02-25 12:00:20,2.47
2026-02-25 11:50:19,2.47
2026-02-25 11:40:18,2.48
2026-02-25 11:30:17,2.47
2026-02-25 11:20:16,2.49
2026-02-25 11:10:15,2.51
2026-02-25 11:00:14,2.51
2026-02-25 10:50:13,2.49
2026-02-25 10:40:12,2.52
2026-02-25 10:30:11,2.59
2026-02-25 10:20:10,2.56
2026-02-25 10:10:09,2.53
2026-02-25 10:00:08,2.52
2026-02-25 09:50:07,2.52
2026-02-25 09:40:06,2.51
2026-02-25 09:30:05,2.58
2026-02-25 09:20:04,2.53
2026-02-25 09:11:03,2.59
2026-02-25 09:01:02,2.55
2026-02-25 08:51:01,2.52
2026-02-25 08:41:00,2.51
2026-02-25 08:30:59,2.52
2026-02-25 08:20:58,2.50
2026-02-25 08:10:57,2.47
2026-02-25 08:00:56,2.52
2026-02-25 07:50:55,2.52
2026-02-25 07:40:54,2.51
2026-02-25 07:30:53,2.52
2026-02-25 07:20:52,2.55
2026-02-25 07:10:51,2.61
2026-02-25 07:00:50,2.53
2026-02-25 06:50:49,2.57
2026-02-25 06:40:48,2.60
2026-02-25 06:30:47,2.57
2026-02-25 06:20:46,2.59
2026-02-25 06:10:45,2.63
2026-02-25 06:00:44,2.61
2026-02-25 05:50:43,2.62
2026-02-25 05:40:42,2.73
2026-02-25 05:30:41,2.62
2026-02-25 05:20:40,2.68
2026-02-25 05:10:39,2.71
2026-02-25 05:00:38,2.68
2026-02-25 04:50:37,2.65
2026-02-25 04:40:36,2.73
2026-02-25 04:30:35,2.73
2026-02-25 04:20:34,2.69
2026-02-25 04:10:33,2.84
2026-02-25 04:00:32,2.67
2026-02-25 03:50:31,2.71
2026-02-25 03:40:30,2.83
2026-02-25 03:30:29,2.84
2026-02-25 03:20:28,2.74
2026-02-25 03:10:27,2.79
2026-02-25 03:00:26,2.74
2026-02-25 02:50:25,2.79
2026-02-25 02:40:24,2.87
2026-02-25 02:30:23,2.66
2026-02-25 02:20:22,2.71
2026-02-25 02:10:21,2.86
2026-02-25 02:00:20,2.70
2026-02-25 01:50:19,2.67
2026-02-25 01:40:18,2.68
2026-02-25 01:30:17,2.64
2026-02-25 01:20:16,2.80
2026-02-25 01:10:15,2.84
2026-02-25 01:00:14,2.73
2026-02-25 00:50:13,2.70
2026-02-25 00:40:12,2.65
2026-02-25 00:30:11,2.63
2026-02-25 00:20:10,2.74
2026-02-25 00:10:09,2.72
2026-02-25 00:00:08,2.59
2026-02-24 23:50:07,2.55
2026-02-24 23:40:06,2.64
2026-02-24 23:30:05,2.61
2026-02-24 23:20:04,2.61
2026-02-24 23:11:03,2.64
2026-02-24 23:01:02,2.64
2026-02-24 22:51:01,2.60
2026-02-24 22:41:00,2.61
2026-02-24 22:30:59,2.54
2026-02-24 22:20:58,2.64
2026-02-24 22:10:57,2.56
2026-02-24 22:00:56,2.66
2026-02-24 21:50:55,2.56
2026-02-24 21:40:54,2.56
2026-02-24 21:30:53,2.60
2026-02-24 21:20:52,2.53
2026-02-24 21:10:51,2.56
2026-02-24 21:00:50,2.62
2026-02-24 20:50:49,2.58
2026-02-24 20:40:48,2.55
2026-02-24 20:30:47,2.66
2026-02-24 20:20:46,2.54
2026-02-24 20:10:45,2.52
2026-02-24 20:00:44,2.65
2026-02-24 19:50:43,2.55
2026-02-24 19:40:42,2.52
2026-02-24 19:30:41,2.63
2026-02-24 19:20:40,2.52
2026-02-24 19:10:39,2.53
2026-02-24 19:00:38,2.53
2026-02-24 18:50:37,2.50
2026-02-24 18:40:36,2.52
2026-02-24 18:30:35,2.45
2026-02-24 18:20:34,2.48
2026-02-24 18:10:33,2.46
2026-02-24 18:00:32,2.48
2026-02-24 17:50:31,2.48
2026-02-24 17:40:30,2.45
2026-02-24 17:30:29,2.51
2026-02-24 17:20:28,2.51
2026-02-24 17:10:27,2.51
2026-02-24 17:00:26,2.49
2026-02-24 16:50:25,2.53
2026-02-24 16:40:24,2.55
2026-02-24 16:30:23,2.53
2026-02-24 16:20:22,2.59
2026-02-24 16:10:21,2.51
2026-02-24 16:00:20,2.62
2026-02-24 15:50:19,2.57
2026-02-24 15:40:18,2.58
2026-02-24 15:30:17,2.60
2026-02-24 15:20:16,2.52
2026-02-24 15:10:15,2.62
2026-02-24 15:00:14,2.55
2026-02-24 14:50:13,2.58
2026-02-24 14:40:12,2.63
2026-02-24 14:30:11,2.60
2026-02-24 14:20:10,2.63
2026-02-24 14:10:09,2.59
2026-02-24 14:00:08,2.55
2026-02-24 13:50:07,2.59
2026-02-24 13:40:06,2.60
2026-02-24 13:30:05,2.60
2026-02-24 13:20:04,2.62
2026-02-24 13:11:03,2.61
2026-02-24 13:01:02,2.54
2026-02-24 12:51:01,2.57
2026-02-24 12:41:00,2.53
2026-02-24 12:30:59,2.51
2026-02-24 12:20:58,2.49
2026-02-24 12:10:57,2.48
2026-02-24 12:00:56,2.44
2026-02-24 11:50:55,2.44
2026-02-24 11:40:54,2.44
2026-02-24 11:30:53,2.47
2026-02-24 11:20:52,2.49
2026-02-24 11:10:51,2.53
2026-02-24 11:00:50,2.56
2026-02-24 10:50:49,2.53
2026-02-24 10:40:48,2.53
2026-02-24 10:30:47,2.57
2026-02-24 10:20:46,2.54
2026-02-24 10:10:45,2.60
2026-02-24 10:00:44,2.55
2026-02-24 09:50:43,2.60
2026-02-24 09:40:42,2.58
2026-02-24 09:30:41,2.54
2026-02-24 09:20:40,2.56
2026-02-24 09:10:39,2.55
2026-02-24 09:00:38,2.57
2026-02-24 08:50:37,2.52
2026-02-24 08:40:36,2.53
2026-02-24 08:30:35,2.54
2026-02-24 08:20:34,2.49
2026-02-24 08:10:33,2.53
2026-02-24 08:00:32,2.58
2026-02-24 07:50:31,2.53
2026-02-24 07:40:30,2.55
2026-02-24 07:30:29,2.52
2026-02-24 07:20:28,2.54
2026-02-24 07:10:27,2.53
2026-02-24 07:00:26,2.51
2026-02-24 06:50:25,2.55
2026-02-24 06:40:24,2.59
2026-02-24 06:30:23,2.57
2026-02-24 06:20:22,2.63
2026-02-24 06:10:21,2.67
2026-02-24 06:00:20,2.63
2026-02-24 05:50:19,2.61
2026-02-24 05:40:18,2.66
2026-02-24 05:30:17,2.72
2026-02-24 05:20:16,2.73
2026-02-24 05:10:15,2.64
2026-02-24 05:00:14,2.72
2026-02-24 04:50:13,2.66
2026-02-24 04:40:12,2.64
2026-02-24 04:30:11,2.79
2026-02-24 04:20:10,2.71
2026-02-24 04:10:09,2.75
2026-02-24 04:00:08,2.85
2026-02-24 03:50:07,2.82
2026-02-24 03:40:06,2.75
2026-02-24 03:30:05,2.67
2026-02-24 03:20:04,2.80
2026-02-24 03:11:03,2.84
2026-02-24 03:01:02,2.72
2026-02-24 02:51:01,2.71
2026-02-24 02:41:00,2.88
2026-02-24 02:30:59,2.80
2026-02-24 02:20:58,2.69
2026-02-24 02:10:57,2.70
2026-02-24 02:00:56,2.86
2026-02-24 01:50:55,2.74
2026-02-24 01:40:54,2.70
2026-02-24 01:30:53,2.78
2026-02-24 01:20:52,2.63
2026-02-24 01:10:51,2.73
2026-02-24 01:00:50,2.69
2026-02-24 00:50:49,2.70
2026-02-24 00:40:48,2.67
2026-02-24 00:30:47,2.76
2026-02-24 00:20:46,2.72
2026-02-24 00:10:45,2.69
2026-02-24 00:00:44,2.65
2026-02-23 23:50:43,2.87
2026-02-23 23:40:42,2.57
2026-02-23 23:30:41,2.69
2026-02-23 23:20:40,2.60
2026-02-23 23:10:39,2.56
2026-02-23 23:00:38,2.63
2026-02-23 22:50:37,2.57
2026-02-23 22:40:36,2.59
2026-02-23 22:30:35,2.57
2026-02-23 22:20:34,2.63
2026-02-23 22:10:33,2.59
2026-02-23 22:00:32,2.61
2026-02-23 21:50:31,2.57
2026-02-23 21:40:30,2.64
2026-02-23 21:30:29,2.51
2026-02-23 21:20:28,2.54
2026-02-23 21:10:27,2.51
2026-02-23 21:00:26,2.57
2026-02-23 20:50:25,2.62
2026-02-23 20:40:24,2.58
2026-02-23 20:30:23,2.57
2026-02-23 20:20:22,2.53
2026-02-23 20:10:21,2.55
2026-02-23 20:00:20,2.57
2026-02-23 19:50:19,2.50
2026-02-23 19:40:18,2.58
2026-02-23 19:30:17,2.53
2026-02-23 19:20:16,2.57
2026-02-23 19:10:15,2.52
2026-02-23 19:00:14,2.51
2026-02-23 18:50:13,2.48
2026-02-23 18:40:12,2.50
2026-02-23 18:30:11,2.46
2026-02-23 18:20:10,2.44
2026-02-23 18:10:09,2.49
2026-02-23 18:00:08,2.46
2026-02-23 17:50:07,2.45
2026-02-23 17:40:06,2.50
2026-02-23 17:30:05,2.47
2026-02-23 17:20:04,2.50
2026-02-23 17:11:03,2.50
2026-02-23 17:01:02,2.51
2026-02-23 16:51:01,2.53
2026-02-23 16:41:00,2.50
2026-02-23 16:30:59,2.50
2026-02-23 16:20:58,2.55
2026-02-23 16:10:57,2.54
2026-02-23 16:00:56,2.56
2026-02-23 15:50:55,2.55
2026-02-23 15:40:54,2.55
2026-02-23 15:30:53,2.59
2026-02-23 15:20:52,2.56
2026-02-23 15:10:51,2.59
2026-02-23 15:00:50,2.56
2026-02-23 14:50:49,2.58
2026-02-23 14:40:48,2.59
2026-02-23 14:30:47,2.57
2026-02-23 14:20:46,2.60
2026-02-23 14:10:45,2.58
2026-02-23 14:00:44,2.61
2026-02-23 13:50:43,2.58
2026-02-23 13:40:42,2.54
2026-02-23 13:30:41,2.52
2026-02-23 13:20:40,2.56
2026-02-23 13:10:39,2.56
2026-02-23 13:00:38,2.58
2026-02-23 12:50:37,2.55
2026-02-23 12:40:36,2.57
2026-02-23 12:30:35,2.50
2026-02-23 12:20:34,2.53
2026-02-23 12:10:33,2.47
2026-02-23 12:00:32,2.47
2026-02-23 11:50:31,2.47
2026-02-23 11:40:30,2.49
2026-02-23 11:30:29,2.50
2026-02-23 11:20:28,2.42
2026-02-23 11:10:27,2.50
2026-02-23 11:00:26,2.50
2026-02-23 10:50:25,2.52
2026-02-23 10:40:24,2.52
2026-02-23 10:30:23,2.61
2026-02-23 10:20:22,2.52
2026-02-23 10:10:21,2.58
2026-02-23 10:00:20,2.55
2026-02-23 09:50:19,2.54
2026-02-23 09:40:18,2.57
2026-02-23 09:30:17,2.54
2026-02-23 09:20:16,2.55
2026-02-23 09:10:15,2.53
2026-02-23 09:00:14,2.59
2026-02-23 08:50:13,2.54
2026-02-23 08:40:12,2.54
2026-02-23 08:30:11,2.45
2026-02-23 08:20:10,2.49
2026-02-23 08:10:09,2.53
2026-02-23 08:00:08,2.51
2026-02-23 07:50:07,2.53
2026-02-23 07:40:06,2.53
2026-02-23 07:30:05,2.52
2026-02-23 07:20:04,2.58
2026-02-23 07:11:03,2.55
2026-02-23 07:01:02,2.54
2026-02-23 06:51:01,2.54
2026-02-23 06:41:00,2.56
2026-02-23 06:30:59,2.63
2026-02-23 06:20:58,2.65
2026-02-23 06:10:57,2.62
2026-02-23 06:00:56,2.64
2026-02-23 05:50:55,2.72
2026-02-23 05:40:54,2.72
2026-02-23 05:30:53,2.73
2026-02-23 05:20:52,2.71
2026-02-23 05:10:51,2.86
2026-02-23 05:00:50,2.72
2026-02-23 04:50:49,2.73
2026-02-23 04:40:48,2.79
2026-02-23 04:30:47,2.70
2026-02-23 04:20:46,2.66
2026-02-23 04:10:45,2.79
2026-02-23 04:00:44,2.80
2026-02-23 03:50:43,2.80
2026-02-23 03:40:42,2.74
2026-02-23 03:30:41,2.78
2026-02-23 03:20:40,2.81
2026-02-23 03:10:39,2.76
2026-02-23 03:00:38,2.80
2026-02-23 02:50:37,2.69
2026-02-23 02:40:36,2.79
2026-02-23 02:30:35,2.76
2026-02-23 02:20:34,2.88
2026-02-23 02:10:33,2.72
2026-02-23 02:00:32,2.73
2026-02-23 01:50:31,2.65
2026-02-23 01:40:30,2.80
2026-02-23 01:30:29,2.65
2026-02-23 01:20:28,2.77
2026-02-23 01:10:27,2.68
2026-02-23 01:00:26,2.61
2026-02-23 00:50:25,2.72
2026-02-23 00:40:24,2.83
2026-02-23 00:30:23,2.83
2026-02-23 00:20:22,2.65
2026-02-23 00:10:21,2.62
2026-02-23 00:00:20,2.69
2026-02-22 23:50:19,2.61
2026-02-22 23:40:18,2.67
2026-02-22 23:30:17,2.62
2026-02-22 23:20:16,2.60
2026-02-22 23:10:15,2.59
2026-02-22 23:00:14,2.61
2026-02-22 22:50:13,2.66
2026-02-22 22:40:12,2.58
2026-02-22 22:30:11,2.64
2026-02-22 22:20:10,2.57
2026-02-22 22:10:09,2.64
2026-02-22 22:00:08,2.59
2026-02-22 21:50:07,2.55
2026-02-22 21:40:06,2.52
2026-02-22 21:30:05,2.58
2026-02-22 21:20:04,2.59
2026-02-22 21:11:03,2.53
2026-02-22 21:01:02,2.51
2026-02-22 20:51:01,2.57
2026-02-22 20:41:00,2.51
2026-02-22 20:30:59,2.53
2026-02-22 20:20:58,2.53
2026-02-22 20:10:57,2.57
2026-02-22 20:00:56,2.54
2026-02-22 19:50:55,2.51
2026-02-22 19:40:54,2.52
2026-02-22 19:30:53,2.58
2026-02-22 19:20:52,2.55
2026-02-22 19:10:51,2.52
2026-02-22 19:00:50,2.56
2026-02-22 18:50:49,2.51
2026-02-22 18:40:48,2.52
2026-02-22 18:30:47,2.52
2026-02-22 18:20:46,2.50
2026-02-22 18:10:45,2.50
2026-02-22 18:00:44,2.49
2026-02-22 17:50:43,2.45
2026-02-22 17:40:42,2.51
2026-02-22 17:30:41,2.56
2026-02-22 17:20:40,2.54
2026-02-22 17:10:39,2.53
2026-02-22 17:00:38,2.53
2026-02-22 16:50:37,2.52
2026-02-22 16:40:36,2.57
2026-02-22 16:30:35,2.53
2026-02-22 16:20:34,2.55
2026-02-22 16:10:33,2.52
2026-02-22 16:00:32,2.58
2026-02-22 15:50:31,2.55
2026-02-22 15:40:30,2.64
2026-02-22 15:30:29,2.58
2026-02-22 15:20:28,2.62
2026-02-22 15:10:27,2.56
2026-02-22 15:00:26,2.61
2026-02-22 14:50:25,2.58
2026-02-22 14:40:24,2.53
2026-02-22 14:30:23,2.57
2026-02-22 14:20:22,2.59
2026-02-22 14:10:21,2.63
2026-02-22 14:00:20,2.54
2026-02-22 13:50:19,2.60
2026-02-22 13:40:18,2.62
2026-02-22 13:30:17,2.59
2026-02-22 13:20:16,2.56
2026-02-22 13:10:15,2.52
2026-02-22 13:00:14,2.55
2026-02-22 12:50:13,2.53
2026-02-22 12:40:12,2.52
2026-02-22 12:30:11,2.53
2026-02-22 12:20:10,2.50
2026-02-22 12:10:09,2.55
2026-02-22 12:00:08,2.49
2026-02-22 11:50:07,2.48
2026-02-22 11:40:06,2.51
2026-02-22 11:30:05,2.46
2026-02-22 11:20:04,2.47
2026-02-22 11:11:03,2.46
2026-02-22 11:01:02,2.54
2026-02-22 10:51:01,2.52
2026-02-22 10:41:00,2.61
2026-02-22 10:30:59,2.53
2026-02-22 10:20:58,2.53
2026-02-22 10:10:57,2.51
2026-02-22 10:00:56,2.56
2026-02-22 09:50:55,2.54
2026-02-22 09:40:54,2.59
2026-02-22 09:30:53,2.56
2026-02-22 09:20:52,2.53
2026-02-22 09:10:51,2.53
2026-02-22 09:00:50,2.54
2026-02-22 08:50:49,2.51
2026-02-22 08:40:48,2.52
2026-02-22 08:30:47,2.49
2026-02-22 08:20:46,2.49
2026-02-22 08:10:45,2.50
2026-02-22 08:00:44,2.47
2026-02-22 07:50:43,2.52
2026-02-22 07:40:42,2.49
2026-02-22 07:30:41,2.55
2026-02-22 07:20:40,2.51
2026-02-22 07:10:39,2.56
2026-02-22 07:00:38,2.53
2026-02-22 06:50:37,2.56
2026-02-22 06:40:36,2.57
2026-02-22 06:30:35,2.60
2026-02-22 06:20:34,2.57
2026-02-22 06:10:33,2.64
2026-02-22 06:00:32,2.69
2026-02-22 05:50:31,2.63
2026-02-22 05:40:30,2.65
2026-02-22 05:30:29,2.63
2026-02-22 05:20:28,2.66
2026-02-22 05:10:27,2.70
2026-02-22 05:00:26,2.67
2026-02-22 04:50:25,2.82
2026-02-22 04:40:24,2.68
2026-02-22 04:30:23,2.73
2026-02-22 04:20:22,2.69
2026-02-22 04:10:21,2.71
2026-02-22 04:00:20,2.70
2026-02-22 03:50:19,2.70
2026-02-22 03:40:18,2.66
2026-02-22 03:30:17,2.70
2026-02-22 03:20:16,2.69
2026-02-22 03:10:15,2.73
2026-02-22 03:00:14,2.65
2026-02-22 02:50:13,2.80
2026-02-22 02:40:12,2.64
2026-02-22 02:30:11,2.66
2026-02-22 02:20:10,2.61
2026-02-22 02:10:09,2.69
2026-02-22 02:00:08,2.70
2026-02-22 01:50:07,2.67
2026-02-22 01:40:06,2.68
2026-02-22 01:30:05,2.65
2026-02-22 01:20:04,2.61
2026-02-22 01:11:03,2.66
2026-02-22 01:01:02,2.67
2026-02-22 00:51:01,2.75
2026-02-22 00:41:00,2.66
2026-02-22 00:30:59,2.71
2026-02-22 00:20:58,2.57
2026-02-22 00:10:57,2.67
2026-02-22 00:00:56,2.64
2026-02-21 23:50:55,2.55
2026-02-21 23:40:54,2.63
2026-02-21 23:30:53,2.60
2026-02-21 23:20:52,2.64
2026-02-21 23:10:51,2.61
2026-02-21 23:00:50,2.61
2026-02-21 22:50:49,2.58
2026-02-21 22:40:48,2.67
2026-02-21 22:30:47,2.58
2026-02-21 22:20:46,2.57
2026-02-21 22:10:45,2.55
2026-02-21 22:00:44,2.57
2026-02-21 21:50:43,2.61
2026-02-21 21:40:42,2.57
2026-02-21 21:30:41,2.50
2026-02-21 21:20:40,2.52
2026-02-21 21:10:39,2.56
2026-02-21 21:00:38,2.60
2026-02-21 20:50:37,2.49
2026-02-21 20:40:36,2.54
2026-02-21 20:30:35,2.57
2026-02-21 20:20:34,2.55
2026-02-21 20:10:33,2.58
2026-02-21 20:00:32,2.52
2026-02-21 19:50:31,2.56
2026-02-21 19:40:30,2.62
2026-02-21 19:30:29,2.53
2026-02-21 19:20:28,2.55
2026-02-21 19:10:27,2.54
2026-02-21 19:00:26,2.49
2026-02-21 18:50:25,2.51
2026-02-21 18:40:24,2.50
2026-02-21 18:30:23,2.49
2026-02-21 18:20:22,2.56
2026-02-21 18:10:21,2.48
2026-02-21 18:00:20,2.52
2026-02-21 17:50:19,2.45
2026-02-21 17:40:18,2.52
2026-02-21 17:30:17,2.50
2026-02-21 17:20:16,2.50
2026-02-21 17:10:15,2.51
2026-02-21 17:00:14,2.52
2026-02-21 16:50:13,2.53
2026-02-21 16:40:12,2.53
2026-02-21 16:30:11,2.54
2026-02-21 16:20:10,2.52
2026-02-21 16:10:09,2.52
2026-02-21 16:00:08,2.57
2026-02-21 15:50:07,2.53
2026-02-21 15:40:06,2.49
2026-02-21 15:30:05,2.53
2026-02-21 15:20:04,2.59
2026-02-21 15:11:03,2.56
2026-02-21 15:01:02,2.55
2026-02-21 14:51:01,2.54
2026-02-21 14:41:00,2.56
2026-02-21 14:30:59,2.59
2026-02-21 14:20:58,2.55
2026-02-21 14:10:57,2.58
2026-02-21 14:00:56,2.54
2026-02-21 13:50:55,2.60
2026-02-21 13:40:54,2.58
2026-02-21 13:30:53,2.51
2026-02-21 13:20:52,2.54
2026-02-21 13:10:51,2.55
2026-02-21 13:00:50,2.54
2026-02-21 12:50:49,2.54
2026-02-21 12:40:48,2.48
2026-02-21 12:30:47,2.47
2026-02-21 12:20:46,2.52
2026-02-21 12:10:45,2.49
2026-02-21 12:00:44,2.50
2026-02-21 11:50:43,2.50
2026-02-21 11:40:42,2.44
2026-02-21 11:30:41,2.46
2026-02-21 11:20:40,2.52
2026-02-21 11:10:39,2.50
2026-02-21 11:00:38,2.54
2026-02-21 10:50:37,2.55
2026-02-21 10:40:36,2.56
2026-02-21 10:30:35,2.57
2026-02-21 10:20:34,2.53
2026-02-21 10:10:33,2.56
2026-02-21 10:00:32,2.49
2026-02-21 09:50:31,2.54
2026-02-21 09:40:30,2.51
2026-02-21 09:30:29,2.50
2026-02-21 09:20:28,2.56
2026-02-21 09:10:27,2.51
2026-02-21 09:00:26,2.52
2026-02-21 08:50:25,2.50
2026-02-21 08:40:24,2.52
2026-02-21 08:30:23,2.53
2026-02-21 08:20:22,2.51
2026-02-21 08:10:21,2.52
2026-02-21 08:00:20,2.52
2026-02-21 07:50:19,2.51
2026-02-21 07:40:18,2.55
2026-02-21 07:30:17,2.51
2026-02-21 07:20:16,2.56
2026-02-21 07:10:15,2.54
2026-02-21 07:00:14,2.55
2026-02-21 06:50:13,2.55
2026-02-21 06:40:12,2.62
2026-02-21 06:30:11,2.56
2026-02-21 06:20:10,2.61
2026-02-21 06:10:09,2.61
2026-02-21 06:00:08,2.71
2026-02-21 05:50:07,2.64
2026-02-21 05:40:06,2.62
2026-02-21 05:30:05,2.72
2026-02-21 05:20:04,2.66
2026-02-21 05:11:03,2.69
2026-02-21 05:01:02,2.74
2026-02-21 04:51:01,2.68
2026-02-21 04:41:00,2.76
2026-02-21 04:30:59,2.69
2026-02-21 04:20:58,2.70
2026-02-21 04:10:57,2.68
2026-02-21 04:00:56,2.81
2026-02-21 03:50:55,2.66
2026-02-21 03:40:54,2.71
2026-02-21 03:30:53,2.69
2026-02-21 03:20:52,2.63
2026-02-21 03:10:51,2.66
2026-02-21 03:00:50,2.75
2026-02-21 02:50:49,2.62
2026-02-21 02:40:48,2.66
2026-02-21 02:30:47,2.74
2026-02-21 02:20:46,2.83
2026-02-21 02:10:45,2.73
2026-02-21 02:00:44,2.74
2026-02-21 01:50:43,2.69
2026-02-21 01:40:42,2.74
2026-02-21 01:30:41,2.72
2026-02-21 01:20:40,2.72
2026-02-21 01:10:39,2.81
2026-02-21 01:00:38,2.78
2026-02-21 00:50:37,2.62
2026-02-21 00:40:36,2.69
2026-02-21 00:30:35,2.65
2026-02-21 00:20:34,2.64
2026-02-21 00:10:33,2.64
2026-02-21 00:00:32,2.68
2026-02-20 23:50:31,2.61
2026-02-20 23:40:30,2.61
2026-02-20 23:30:29,2.65
2026-02-20 23:20:28,2.64
2026-02-20 23:10:27,2.71
2026-02-20 23:00:26,2.66
2026-02-20 22:50:25,2.61
2026-02-20 22:40:24,2.58
2026-02-20 22:30:23,2.66
2026-02-20 22:20:22,2.58
2026-02-20 22:10:21,2.57
2026-02-20 22:00:20,2.60
2026-02-20 21:50:19,2.53
2026-02-20 21:40:18,2.58
2026-02-20 21:30:17,2.70
2026-02-20 21:20:16,2.59
2026-02-20 21:10:15,2.49
2026-02-20 21:00:14,2.46
2026-02-20 20:50:13,2.57
2026-02-20 20:40:12,2.59
2026-02-20 20:30:11,2.56
2026-02-20 20:20:10,2.53
2026-02-20 20:10:09,2.51
2026-02-20 20:00:08,2.54
2026-02-20 19:50:07,2.52
2026-02-20 19:40:06,2.61
2026-02-20 19:30:05,2.58
2026-02-20 19:20:04,2.56
2026-02-20 19:11:03,2.56
2026-02-20 19:01:02,2.52
2026-02-20 18:51:01,2.48
2026-02-20 18:41:00,2.52
2026-02-20 18:30:59,2.48
2026-02-20 18:20:58,2.50
2026-02-20 18:10:57,2.45
2026-02-20 18:00:56,2.52
2026-02-20 17:50:55,2.52
2026-02-20 17:40:54,2.52
2026-02-20 17:30:53,2.49
2026-02-20 17:20:52,2.54
2026-02-20 17:10:51,2.51
2026-02-20 17:00:50,2.56
2026-02-20 16:50:49,2.54
2026-02-20 16:40:48,2.56
2026-02-20 16:30:47,2.54
2026-02-20 16:20:46,2.54
2026-02-20 16:10:45,2.52
2026-02-20 16:00:44,2.56
2026-02-20 15:50:43,2.55
2026-02-20 15:40:42,2.55
2026-02-20 15:30:41,2.58
2026-02-20 15:20:40,2.51
2026-02-20 15:10:39,2.53
2026-02-20 15:00:38,2.55
2026-02-20 14:50:37,2.58
2026-02-20 14:40:36,2.55
2026-02-20 14:30:35,2.53
2026-02-20 14:20:34,2.53
2026-02-20 14:10:33,2.56
2026-02-20 14:00:32,2.59
2026-02-20 13:50:31,2.57
2026-02-20 13:40:30,2.55
2026-02-20 13:30:29,2.53
2026-02-20 13:20:28,2.55
2026-02-20 13:10:27,2.51
2026-02-20 13:00:26,2.51
2026-02-20 12:50:25,2.54
2026-02-20 12:40:24,2.58
2026-02-20 12:30:23,2.50
2026-02-20 12:20:22,2.53
2026-02-20 12:10:21,2.51
2026-02-20 12:00:20,2.53
2026-02-20 11:50:19,2.50
2026-02-20 11:40:18,2.48
2026-02-20 11:30:17,2.46
2026-02-20 11:20:16,2.51
2026-02-20 11:10:15,2.48
2026-02-20 11:00:14,2.52
2026-02-20 10:50:13,2.51
2026-02-20 10:40:12,2.55
2026-02-20 10:30:11,2.57
2026-02-20 10:20:10,2.49
2026-02-20 10:10:09,2.51
2026-02-20 10:00:08,2.58
2026-02-20 09:50:07,2.53
2026-02-20 09:40:06,2.58
2026-02-20 09:30:05,2.54
2026-02-20 09:20:04,2.53
2026-02-20 09:11:03,2.51
2026-02-20 09:01:02,2.54
2026-02-20 08:51:01,2.51
2026-02-20 08:41:00,2.54
2026-02-20 08:30:59,2.52
2026-02-20 08:20:58,2.55
2026-02-20 08:10:57,2.56
2026-02-20 08:00:56,2.55
2026-02-20 07:50:55,2.56
2026-02-20 07:40:54,2.51
2026-02-20 07:30:53,2.51
2026-02-20 07:20:52,2.54
2026-02-20 07:10:51,2.54
2026-02-20 07:00:50,2.55
2026-02-20 06:50:49,2.63
2026-02-20 06:40:48,2.58
2026-02-20 06:30:47,2.62
2026-02-20 06:20:46,2.62
2026-02-20 06:10:45,2.64
2026-02-20 06:00:44,2.64
2026-02-20 05:50:43,2.63
2026-02-20 05:40:42,2.63
2026-02-20 05:30:41,2.63
2026-02-20 05:20:40,2.68
2026-02-20 05:10:39,2.77
2026-02-20 05:00:38,2.62
2026-02-20 04:50:37,2.70
2026-02-20 04:40:36,2.68
2026-02-20 04:30:35,2.74
2026-02-20 04:20:34,2.67
2026-02-20 04:10:33,2.76
2026-02-20 04:00:32,2.67
2026-02-20 03:50:31,2.66
2026-02-20 03:40:30,2.77
2026-02-20 03:30:29,2.73
2026-02-20 03:20:28,2.84
2026-02-20 03:10:27,2.65
2026-02-20 03:00:26,2.77
2026-02-20 02:50:25,2.78
2026-02-20 02:40:24,2.80
2026-02-20 02:30:23,2.67
2026-02-20 02:20:22,2.75
2026-02-20 02:10:21,2.70
2026-02-20 02:00:20,2.68
2026-02-20 01:50:19,2.71
2026-02-20 01:40:18,2.64
2026-02-20 01:30:17,2.62
2026-02-20 01:20:16,2.71
2026-02-20 01:10:15,2.71
2026-02-20 01:00:14,2.67
2026-02-20 00:50:13,2.69
2026-02-20 00:40:12,2.63
2026-02-20 00:30:11,2.60
2026-02-20 00:20:10,2.66
2026-02-20 00:10:09,2.65
2026-02-20 00:00:08,2.60
2026-02-19 23:50:07,2.61
2026-02-19 23:40:06,2.63
2026-02-19 23:30:05,2.66
2026-02-19 23:20:04,2.70
2026-02-19 23:11:03,2.58
2026-02-19 23:01:02,2.61
2026-02-19 22:51:01,2.65
2026-02-19 22:41:00,2.60
2026-02-19 22:30:59,2.56
2026-02-19 22:20:58,2.55
2026-02-19 22:10:57,2.60
2026-02-19 22:00:56,2.53
2026-02-19 21:50:55,2.53
2026-02-19 21:40:54,2.62
2026-02-19 21:30:53,2.57
2026-02-19 21:20:52,2.59
2026-02-19 21:10:51,2.56
2026-02-19 21:00:50,2.51
2026-02-19 20:50:49,2.55
2026-02-19 20:40:48,2.57
2026-02-19 20:30:47,2.59
2026-02-19 20:20:46,2.56
2026-02-19 20:10:45,2.59
2026-02-19 20:00:44,2.56
2026-02-19 19:50:43,2.52
2026-02-19 19:40:42,2.51
2026-02-19 19:30:41,2.49
2026-02-19 19:20:40,2.55
2026-02-19 19:10:39,2.57
2026-02-19 19:00:38,2.48
2026-02-19 18:50:37,2.56
2026-02-19 18:40:36,2.51
2026-02-19 18:30:35,2.49
2026-02-19 18:20:34,2.49
2026-02-19 18:10:33,2.52
2026-02-19 18:00:32,2.51
2026-02-19 17:50:31,2.48
2026-02-19 17:40:30,2.51
2026-02-19 17:30:29,2.52
2026-02-19 17:20:28,2.47
2026-02-19 17:10:27,2.51
2026-02-19 17:00:26,2.55
2026-02-19 16:50:25,2.58
2026-02-19 16:40:24,2.47
2026-02-19 16:30:23,2.53
2026-02-19 16:20:22,2.55
2026-02-19 16:10:21,2.56
2026-02-19 16:00:20,2.54
2026-02-19 15:50:19,2.53
2026-02-19 15:40:18,2.51
2026-02-19 15:30:17,2.55
2026-02-19 15:20:16,2.55
2026-02-19 15:10:15,2.59
2026-02-19 15:00:14,2.54
2026-02-19 14:50:13,2.60
2026-02-19 14:40:12,2.60
2026-02-19 14:30:11,2.61
2026-02-19 14:20:10,2.61
2026-02-19 14:10:09,2.55
2026-02-19 14:00:08,2.60
2026-02-19 13:50:07,2.64
2026-02-19 13:40:06,2.59
2026-02-19 13:30:05,2.59
2026-02-19 13:20:04,2.61
2026-02-19 13:11:03,2.53
2026-02-19 13:01:02,2.55
2026-02-19 12:51:01,2.53
2026-02-19 12:41:00,2.51
2026-02-19 12:30:59,2.53
2026-02-19 12:20:58,2.51
2026-02-19 12:10:57,2.48
2026-02-19 12:00:56,2.51
2026-02-19 11:50:55,2.49
2026-02-19 11:40:54,2.46
2026-02-19 11:30:53,2.53
2026-02-19 11:20:52,2.52
2026-02-19 11:10:51,2.48
2026-02-19 11:00:50,2.50
2026-02-19 10:50:49,2.49
2026-02-19 10:40:48,2.47
2026-02-19 10:30:47,2.54
2026-02-19 10:20:46,2.51
2026-02-19 10:10:45,2.49
2026-02-19 10:00:44,2.48
2026-02-19 09:50:43,2.54
2026-02-19 09:40:42,2.47
2026-02-19 09:30:41,2.56
2026-02-19 09:20:40,2.53
2026-02-19 09:10:39,2.57
2026-02-19 09:00:38,2.55
2026-02-19 08:50:37,2.54
2026-02-19 08:40:36,2.53
2026-02-19 08:30:35,2.49
2026-02-19 08:20:34,2.50
2026-02-19 08:10:33,2.57
2026-02-19 08:00:32,2.53
2026-02-19 07:50:31,2.55
2026-02-19 07:40:30,2.52
2026-02-19 07:30:29,2.53
2026-02-19 07:20:28,2.58
2026-02-19 07:10:27,2.57
2026-02-19 07:00:26,2.58
2026-02-19 06:50:25,2.69
2026-02-19 06:40:24,2.57
2026-02-19 06:30:23,2.61
2026-02-19 06:20:22,2.63
2026-02-19 06:10:21,2.68
2026-02-19 06:00:20,2.68
2026-02-19 05:50:19,2.64
2026-02-19 05:40:18,2.64
2026-02-19 05:30:17,2.73
2026-02-19 05:20:16,2.70
2026-02-19 05:10:15,2.64
2026-02-19 05:00:14,2.77
2026-02-19 04:50:13,2.81
2026-02-19 04:40:12,2.72
2026-02-19 04:30:11,2.67
2026-02-19 04:20:10,2.78
2026-02-19 04:10:09,2.70
2026-02-19 04:00:08,2.72
2026-02-19 03:50:07,2.67
2026-02-19 03:40:06,2.88
2026-02-19 03:30:05,2.79
2026-02-19 03:20:04,2.76
2026-02-19 03:11:03,2.71
2026-02-19 03:01:02,2.82
2026-02-19 02:51:01,2.85
2026-02-19 02:41:00,2.85
2026-02-19 02:30:59,2.81
2026-02-19 02:20:58,2.78
2026-02-19 02:10:57,2.69
2026-02-19 02:00:56,2.71
2026-02-19 01:50:55,2.65
2026-02-19 01:40:54,2.81
2026-02-19 01:30:53,2.74
2026-02-19 01:20:52,2.73
2026-02-19 01:10:51,2.74
2026-02-19 01:00:50,2.71
2026-02-19 00:50:49,2.63
2026-02-19 00:40:48,2.71
2026-02-19 00:30:47,2.75
2026-02-19 00:20:46,2.69
2026-02-19 00:10:45,2.64
2026-02-19 00:00:44,2.78
2026-02-18 23:50:43,2.65
2026-02-18 23:40:42,2.65
2026-02-18 23:30:41,2.63
2026-02-18 23:20:40,2.66
2026-02-18 23:10:39,2.65
2026-02-18 23:00:38,2.66
2026-02-18 22:50:37,2.67
2026-02-18 22:40:36,2.71
2026-02-18 22:30:35,2.58
2026-02-18 22:20:34,2.64
2026-02-18 22:10:33,2.61
2026-02-18 22:00:32,2.61
2026-02-18 21:50:31,2.68
2026-02-18 21:40:30,2.57
2026-02-18 21:30:29,2.59
2026-02-18 21:20:28,2.59
2026-02-18 21:10:27,2.61
2026-02-18 21:00:26,2.68
2026-02-18 20:50:25,2.58
2026-02-18 20:40:24,2.64
2026-02-18 20:30:23,2.63
2026-02-18 20:20:22,2.57
2026-02-18 20:10:21,2.62
2026-02-18 20:00:20,2.59
2026-02-18 19:50:19,2.56
2026-02-18 19:40:18,2.55
2026-02-18 19:30:17,2.55
2026-02-18 19:20:16,2.56
2026-02-18 19:10:15,2.58
2026-02-18 19:00:14,2.53
2026-02-18 18:50:13,2.55
2026-02-18 18:40:12,2.53
2026-02-18 18:30:11,2.49
2026-02-18 18:20:10,2.52
2026-02-18 18:10:09,2.51
2026-02-18 18:00:08,2.51
2026-02-18 17:50:07,2.51
2026-02-18 17:40:06,2.54
2026-02-18 17:30:05,2.51
2026-02-18 17:20:04,2.50
2026-02-18 17:01:03,2.57
2026-02-18 16:51:02,2.58
2026-02-18 16:41:01,2.55
2026-02-18 16:31:00,2.55
2026-02-18 16:20:59,2.55
2026-02-18 16:10:58,2.54
2026-02-18 16:00:57,2.58
2026-02-18 15:50:56,2.55
2026-02-18 15:40:55,2.55
2026-02-18 15:30:54,2.59
2026-02-18 15:20:53,2.58
2026-02-18 15:10:52,2.60
2026-02-18 15:00:51,2.55
2026-02-18 14:50:50,2.57
2026-02-18 14:40:49,2.58
2026-02-18 14:30:48,2.61
2026-02-18 14:20:47,2.63
2026-02-18 14:10:46,2.57
2026-02-18 14:00:45,2.59
2026-02-18 13:50:44,2.60
2026-02-18 13:40:43,2.56
2026-02-18 13:30:42,2.58
2026-02-18 13:20:41,2.53
2026-02-18 13:10:40,2.57
2026-02-18 13:00:39,2.62
2026-02-18 12:50:38,2.58
2026-02-18 12:40:37,2.54
2026-02-18 12:30:36,2.56
2026-02-18 12:20:35,2.60
2026-02-18 12:10:34,2.56
2026-02-18 12:00:33,2.47
2026-02-18 11:50:32,2.52
2026-02-18 11:40:31,2.52
2026-02-18 11:30:30,2.48
2026-02-18 11:20:29,2.52
2026-02-18 11:10:28,2.47
2026-02-18 11:00:27,2.47
2026-02-18 10:50:26,2.49
2026-02-18 10:40:25,2.52
2026-02-18 10:30:24,2.52
2026-02-18 10:20:23,2.49
2026-02-18 10:10:22,2.42
2026-02-18 10:00:21,2.53
2026-02-18 09:50:20,2.56
2026-02-18 09:40:19,2.53
2026-02-18 09:30:18,2.51
2026-02-18 09:20:17,2.54
2026-02-18 09:10:16,2.47
2026-02-18 09:00:15,2.53
2026-02-18 08:50:14,2.52
2026-02-18 08:40:13,2.51
2026-02-18 08:30:12,2.49
2026-02-18 08:20:11,2.46
2026-02-18 08:10:10,2.52
2026-02-18 08:00:09,2.47
2026-02-18 07:50:08,2.48
2026-02-18 07:40:07,2.47
2026-02-18 07:30:06,2.49
2026-02-18 07:20:05,2.56
2026-02-18 07:10:04,2.58
2026-02-18 07:00:03,2.51
2026-02-18 06:50:02,2.59
2026-02-18 06:40:01,2.59
2026-02-18 06:30:00,2.63
2026-02-18 06:19:59,2.57
2026-02-18 06:09:58,2.64
2026-02-18 05:59:57,2.67
2026-02-18 05:49:56,2.62
2026-02-18 05:39:55,2.62
2026-02-18 05:29:54,2.65
2026-02-18 05:19:53,2.68
2026-02-18 05:09:52,2.67
2026-02-18 04:59:51,2.70
2026-02-18 04:49:50,2.76
2026-02-18 04:39:49,2.67
2026-02-18 04:29:48,2.74
2026-02-18 04:19:47,2.71
2026-02-18 04:09:46,2.76
2026-02-18 03:59:45,2.71
2026-02-18 03:49:44,2.85
2026-02-18 03:39:43,2.67
2026-02-18 03:29:42,2.80
2026-02-18 03:19:41,2.73
2026-02-18 03:09:40,2.74
2026-02-18 02:59:39,2.68
2026-02-18 02:49:38,2.85
2026-02-18 02:39:37,2.86
2026-02-18 02:29:36,2.72
2026-02-18 02:19:35,2.63
2026-02-18 02:09:34,2.72
2026-02-18 01:59:33,2.80
2026-02-18 01:49:32,2.66
2026-02-18 01:39:31,2.63
2026-02-18 01:29:30,2.68
2026-02-18 01:19:29,2.66
2026-02-18 01:09:28,2.64
2026-02-18 00:59:27,2.58
2026-02-18 00:49:26,2.68
2026-02-18 00:39:25,2.67
2026-02-18 00:29:24,2.62
2026-02-18 00:19:23,2.61
2026-02-18 00:09:22,2.64
2026-02-17 23:59:21,2.71
2026-02-17 23:49:20,2.63
2026-02-17 23:39:19,2.66
2026-02-17 23:29:18,2.62
2026-02-17 23:19:17,2.61
2026-02-17 23:09:16,2.60
2026-02-17 22:59:15,2.58
2026-02-17 22:49:14,2.57
2026-02-17 22:39:13,2.57
2026-02-17 22:29:12,2.65
2026-02-17 22:19:11,2.62
2026-02-17 22:09:10,2.59
2026-02-17 21:59:09,2.63
2026-02-17 21:49:08,2.64
2026-02-17 21:39:07,2.56
2026-02-17 21:29:06,2.55
2026-02-17 21:19:05,2.51
2026-02-17 21:09:04,2.57
2026-02-17 20:59:03,2.59
2026-02-17 20:49:02,2.53
2026-02-17 20:39:01,2.55
2026-02-17 20:29:00,2.61
2026-02-17 20:18:59,2.59
2026-02-17 20:08:58,2.63
2026-02-17 19:58:57,2.62
2026-02-17 19:48:56,2.56
2026-02-17 19:38:55,2.62
2026-02-17 19:28:54,2.55
2026-02-17 19:18:53,2.52
2026-02-17 19:08:52,2.53
2026-02-17 18:58:51,2.56
2026-02-17 18:48:50,2.51
2026-02-17 18:38:49,2.51
2026-02-17 18:28:48,2.53
2026-02-17 18:18:47,2.47
2026-02-17 18:08:46,2.48
2026-02-17 17:58:45,2.47
2026-02-17 17:48:44,2.50
2026-02-17 17:38:43,2.50
2026-02-17 17:28:42,2.49
2026-02-17 17:18:41,2.53
2026-02-17 17:08:40,2.53
2026-02-17 16:58:39,2.52
2026-02-17 16:48:38,2.53
2026-02-17 16:38:37,2.52
2026-02-17 16:28:36,2.52
2026-02-17 16:18:35,2.58
2026-02-17 16:08:34,2.54
2026-02-17 15:58:33,2.49
2026-02-17 15:48:32,2.53
2026-02-17 15:38:31,2.53
2026-02-17 15:28:30,2.56
2026-02-17 15:18:29,2.58
2026-02-17 15:08:28,2.53
2026-02-17 14:58:27,2.57
2026-02-17 14:48:26,2.57
2026-02-17 14:38:25,2.55
2026-02-17 14:28:24,2.54
2026-02-17 14:18:23,2.51
2026-02-17 14:08:22,2.55
2026-02-17 13:58:21,2.57
2026-02-17 13:48:20,2.58
2026-02-17 13:38:19,2.54
2026-02-17 13:28:18,2.57
2026-02-17 13:18:17,2.59
2026-02-17 13:08:16,2.58
2026-02-17 12:58:15,2.53
2026-02-17 12:48:14,2.52
2026-02-17 12:38:13,2.52
2026-02-17 12:28:12,2.57
2026-02-17 12:18:11,2.54
2026-02-17 12:08:10,2.53
2026-02-17 11:58:09,2.53
2026-02-17 11:48:08,2.50
2026-02-17 11:38:07,2.56
2026-02-17 11:28:06,2.48
2026-02-17 11:18:05,2.52
2026-02-17 11:08:04,2.50
2026-02-17 10:58:03,2.52
2026-02-17 10:48:02,2.55
2026-02-17 10:38:01,2.58
2026-02-17 10:28:00,2.51
2026-02-17 10:17:59,2.54
2026-02-17 10:07:58,2.57
2026-02-17 09:57:57,2.57
2026-02-17 09:47:56,2.50
2026-02-17 09:37:55,2.55
2026-02-17 09:27:54,2.50
2026-02-17 09:17:53,2.52
2026-02-17 09:07:52,2.53
2026-02-17 08:57:51,2.53
2026-02-17 08:47:50,2.57
2026-02-17 08:37:49,2.50
2026-02-17 08:27:48,2.60
2026-02-17 08:17:47,2.54
2026-02-17 08:07:46,2.51
2026-02-17 07:57:45,2.53
2026-02-17 07:47:44,2.54
2026-02-17 07:37:43,2.53
2026-02-17 07:27:42,2.57
2026-02-17 07:17:41,2.60
2026-02-17 07:07:40,2.55
2026-02-17 06:57:39,2.61
2026-02-17 06:47:38,2.66
2026-02-17 06:37:37,2.70
2026-02-17 06:27:36,2.71
2026-02-17 06:17:35,2.71
2026-02-17 06:07:34,2.71
2026-02-17 05:57:33,2.67
2026-02-17 05:47:32,2.70
2026-02-17 05:37:31,2.73
2026-02-17 05:27:30,2.77
2026-02-17 05:17:29,2.88
2026-02-17 05:07:28,2.73
2026-02-17 04:57:27,2.76
2026-02-17 04:47:26,2.69
2026-02-17 04:37:25,2.77
2026-02-17 04:27:25,2.87
2026-02-17 04:27:24,2.87
2026-02-17 04:17:24,2.90
2026-02-17 04:17:23,2.90
2026-02-17 04:07:22,2.76
2026-02-17 03:57:21,2.75
2026-02-17 03:47:20,2.72
2026-02-17 03:37:19,2.88
2026-02-17 03:27:18,2.89
2026-02-17 03:17:18,2.69
2026-02-17 03:17:17,2.69
2026-02-17 03:07:17,2.92
2026-02-17 03:07:16,2.92
2026-02-17 02:57:15,2.74
2026-02-17 02:47:14,2.83
2026-02-17 02:37:13,2.71
2026-02-17 02:27:12,2.71
2026-02-17 02:17:11,2.73
2026-02-17 02:07:10,2.71
2026-02-17 01:57:09,2.81
2026-02-17 01:47:08,2.67
2026-02-17 01:37:07,2.70
2026-02-17 01:27:06,2.69
2026-02-17 01:17:05,2.72
2026-02-17 01:07:04,2.67
2026-02-17 00:57:03,2.68
2026-02-17 00:47:02,2.69
2026-02-17 00:37:01,2.66
2026-02-17 00:27:00,2.64
2026-02-17 00:16:59,2.70
2026-02-17 00:06:58,2.70
2026-02-16 23:56:57,2.56
2026-02-16 23:46:56,2.57
2026-02-16 23:36:55,2.62
2026-02-16 23:26:54,2.55
2026-02-16 23:16:53,2.57
2026-02-16 23:06:52,2.55
2026-02-16 22:56:51,2.56
2026-02-16 22:46:50,2.54
2026-02-16 22:36:49,2.53
2026-02-16 22:26:48,2.58
2026-02-16 22:16:47,2.56
2026-02-16 22:06:46,2.57
2026-02-16 21:56:45,2.56
2026-02-16 21:46:44,2.54
2026-02-16 21:36:43,2.58
2026-02-16 21:26:42,2.51
2026-02-16 21:16:41,2.55
2026-02-16 21:06:40,2.54
2026-02-16 20:56:39,2.57
2026-02-16 20:46:38,2.54
2026-02-16 20:36:37,2.55
2026-02-16 20:26:36,2.51
2026-02-16 20:16:35,2.49
2026-02-16 20:06:34,2.48
2026-02-16 19:56:33,2.52
2026-02-16 19:46:32,2.51
2026-02-16 19:36:31,2.55
2026-02-16 19:26:30,2.51
2026-02-16 19:16:29,2.55
2026-02-16 19:06:28,2.51
2026-02-16 18:56:27,2.51
2026-02-16 18:46:26,2.56
2026-02-16 18:36:25,2.52
2026-02-16 18:26:24,2.47
2026-02-16 18:16:23,2.52
2026-02-16 18:06:22,2.57
2026-02-16 17:56:21,2.48
2026-02-16 17:46:20,2.48
2026-02-16 17:36:19,2.50
2026-02-16 17:26:18,2.53
2026-02-16 17:16:17,2.51
2026-02-16 17:06:16,2.52
2026-02-16 16:56:15,2.54
2026-02-16 16:46:14,2.56
2026-02-16 16:36:13,2.57
2026-02-16 16:26:12,2.55
2026-02-16 16:16:11,2.52
2026-02-16 16:06:10,2.57
2026-02-16 15:56:09,2.63
2026-02-16 15:46:08,2.53
2026-02-16 15:36:07,2.55
2026-02-16 15:26:06,2.49
2026-02-16 15:16:05,2.49
2026-02-16 15:06:04,2.51
2026-02-16 14:56:03,2.49
2026-02-16 14:46:02,2.56
2026-02-16 14:36:01,2.51
2026-02-16 14:26:00,2.52
2026-02-16 14:15:59,2.51
2026-02-16 14:05:58,2.49
2026-02-16 13:55:57,2.47
2026-02-16 13:45:56,2.49
2026-02-16 13:35:55,2.48
2026-02-16 13:25:54,2.44
2026-02-16 13:15:53,2.39
2026-02-16 13:05:52,2.49
2026-02-16 12:55:51,2.44
2026-02-16 12:45:50,2.49
2026-02-16 12:35:49,2.41
2026-02-16 12:25:48,2.44
2026-02-16 12:15:47,2.43
2026-02-16 12:05:46,2.42
2026-02-16 11:55:45,2.40
2026-02-16 11:45:44,2.41
2026-02-16 11:35:43,2.42
2026-02-16 11:25:42,2.40
2026-02-16 11:15:41,2.41
2026-02-16 11:05:40,2.42
2026-02-16 10:55:39,2.42
2026-02-16 10:45:38,2.46
2026-02-16 10:35:37,2.46
2026-02-16 10:25:36,2.45
2026-02-16 10:15:35,2.47
2026-02-16 10:05:34,2.47
2026-02-16 09:55:33,2.43
2026-02-16 09:45:32,2.44
2026-02-16 09:35:31,2.49
2026-02-16 09:25:30,2.54
2026-02-16 09:15:29,2.52
2026-02-16 09:05:28,2.49
2026-02-16 08:55:27,2.55
2026-02-16 08:45:26,2.46
2026-02-16 08:35:25,2.46
2026-02-16 08:25:24,2.51
2026-02-16 08:15:23,2.48
2026-02-16 08:05:22,2.46
2026-02-16 07:55:21,2.50
2026-02-16 07:45:20,2.52
2026-02-16 07:35:19,2.48
2026-02-16 07:25:18,2.47
2026-02-16 07:15:17,2.49
2026-02-16 07:05:16,2.53
2026-02-16 06:55:15,2.57
2026-02-16 06:45:14,2.56
2026-02-16 06:35:13,2.58
2026-02-16 06:25:12,2.63
2026-02-16 06:15:11,2.65
2026-02-16 06:05:10,2.65
2026-02-16 05:55:09,2.63
2026-02-16 05:45:08,2.72
2026-02-16 05:35:07,2.76
2026-02-16 05:25:06,2.68
2026-02-16 05:15:05,2.73
2026-02-16 05:05:04,2.75
2026-02-16 04:55:03,2.66
2026-02-16 04:45:02,2.75
2026-02-16 04:35:01,2.71
2026-02-16 04:25:00,2.69
2026-02-16 04:14:59,2.75
2026-02-16 04:04:58,2.72
2026-02-16 03:54:57,2.73
2026-02-16 03:44:56,2.86
2026-02-16 03:34:55,2.68
2026-02-16 03:24:54,2.72
2026-02-16 03:14:53,2.70
2026-02-16 03:04:52,2.75
2026-02-16 02:54:51,2.64
2026-02-16 02:44:50,2.80
2026-02-16 02:34:49,2.73
2026-02-16 02:24:48,2.82
2026-02-16 02:14:47,2.66
2026-02-16 02:04:46,2.71
2026-02-16 01:54:45,2.72
2026-02-16 01:44:44,2.72
2026-02-16 01:34:43,2.78
2026-02-16 01:24:42,2.66
2026-02-16 01:14:41,2.72
2026-02-16 01:04:40,2.68
2026-02-16 00:54:39,2.69
2026-02-16 00:44:38,2.65
2026-02-16 00:34:37,2.70
2026-02-16 00:24:36,2.70
2026-02-16 00:14:35,2.69
2026-02-16 00:04:34,2.63
2026-02-15 23:54:33,2.61
2026-02-15 23:44:32,2.63
2026-02-15 23:34:31,2.62
2026-02-15 23:24:30,2.59
2026-02-15 23:14:29,2.58
2026-02-15 23:04:28,2.58
2026-02-15 22:54:27,2.58
2026-02-15 22:44:26,2.51
2026-02-15 22:34:25,2.61
2026-02-15 22:24:24,2.49
2026-02-15 22:14:23,2.52
2026-02-15 22:04:22,2.51
2026-02-15 21:54:21,2.51
2026-02-15 21:44:20,2.52
2026-02-15 21:34:19,2.58
2026-02-15 21:24:18,2.54
2026-02-15 21:14:17,2.52
2026-02-15 21:04:16,2.49
2026-02-15 20:54:15,2.51
2026-02-15 20:44:14,2.56
2026-02-15 20:34:13,2.53
2026-02-15 20:24:12,2.47
2026-02-15 20:14:11,2.51
2026-02-15 20:04:10,2.54
2026-02-15 19:54:09,2.58
2026-02-15 19:44:08,2.51
2026-02-15 19:34:07,2.49
2026-02-15 19:24:06,2.47
2026-02-15 19:14:05,2.49
2026-02-15 19:04:04,2.52
2026-02-15 18:54:03,2.48
2026-02-15 18:44:02,2.49
2026-02-15 18:34:01,2.45
2026-02-15 18:24:00,2.46
2026-02-15 18:13:59,2.49
2026-02-15 18:03:58,2.43
2026-02-15 17:53:57,2.41
2026-02-15 17:43:56,2.46
2026-02-15 17:33:55,2.44
2026-02-15 17:23:54,2.45
2026-02-15 17:13:53,2.48
2026-02-15 17:03:52,2.52
2026-02-15 16:53:51,2.46
2026-02-15 16:43:50,2.51
2026-02-15 16:33:49,2.44
2026-02-15 16:23:48,2.56
2026-02-15 16:13:47,2.52
2026-02-15 16:03:46,2.46
2026-02-15 15:53:45,2.56
2026-02-15 15:43:44,2.52
2026-02-15 15:33:43,2.53
2026-02-15 15:23:42,2.52
2026-02-15 15:13:41,2.56
2026-02-15 15:03:40,2.54
2026-02-15 14:53:39,2.57
2026-02-15 14:43:38,2.56
2026-02-15 14:33:37,2.51
2026-02-15 14:23:36,2.54
2026-02-15 14:13:35,2.52
2026-02-15 14:03:34,2.61
2026-02-15 13:53:33,2.49
2026-02-15 13:43:32,2.51
2026-02-15 13:33:31,2.54
2026-02-15 13:23:30,2.51
2026-02-15 13:13:29,2.55
2026-02-15 13:03:28,2.50
2026-02-15 12:53:27,2.55
2026-02-15 12:43:26,2.48
2026-02-15 12:33:25,2.46
2026-02-15 12:23:24,2.48
2026-02-15 12:13:23,2.47
2026-02-15 12:03:22,2.42
2026-02-15 11:53:21,2.46
2026-02-15 11:43:20,2.46
2026-02-15 11:33:19,2.40
2026-02-15 11:23:18,2.43
2026-02-15 11:13:17,2.48
2026-02-15 11:03:16,2.49
2026-02-15 10:53:15,2.44
2026-02-15 10:43:14,2.47
2026-02-15 10:33:13,2.50
2026-02-15 10:23:12,2.47
2026-02-15 10:13:11,2.49
2026-02-15 10:03:10,2.52
2026-02-15 09:53:09,2.54
2026-02-15 09:43:08,2.52
2026-02-15 09:33:07,2.54
2026-02-15 09:23:06,2.55
2026-02-15 09:13:05,2.53
2026-02-15 09:03:04,2.49
2026-02-15 08:53:03,2.52
2026-02-15 08:43:02,2.55
2026-02-15 08:33:01,2.54
2026-02-15 08:23:00,2.52
2026-02-15 08:12:59,2.56
2026-02-15 08:02:58,2.54
2026-02-15 07:52:57,2.47
2026-02-15 07:42:56,2.47
2026-02-15 07:32:55,2.51
2026-02-15 07:22:54,2.48
2026-02-15 07:12:53,2.51
2026-02-15 07:02:52,2.54
2026-02-15 06:52:51,2.54
2026-02-15 06:42:50,2.56
2026-02-15 06:32:49,2.58
2026-02-15 06:22:48,2.60
2026-02-15 06:12:47,2.64
2026-02-15 06:02:46,2.63
2026-02-15 05:52:45,2.63
2026-02-15 05:42:44,2.66
2026-02-15 05:32:43,2.71
2026-02-15 05:22:42,2.69
2026-02-15 05:12:41,2.65
2026-02-15 05:02:40,2.72
2026-02-15 04:52:39,2.77
2026-02-15 04:42:38,2.71
2026-02-15 04:32:37,2.64
2026-02-15 04:22:36,2.69
2026-02-15 04:12:35,2.71
2026-02-15 04:02:34,2.68
2026-02-15 03:52:33,2.75
2026-02-15 03:42:32,2.73
2026-02-15 03:32:31,2.76
2026-02-15 03:22:30,2.87
2026-02-15 03:12:29,2.83
2026-02-15 03:02:28,2.67
2026-02-15 02:52:27,2.86
2026-02-15 02:42:26,2.81
2026-02-15 02:32:25,2.75
2026-02-15 02:22:24,2.82
2026-02-15 02:12:23,2.73
2026-02-15 02:02:22,2.65
2026-02-15 01:52:21,2.65
2026-02-15 01:42:20,2.83
2026-02-15 01:32:19,2.74
2026-02-15 01:22:18,2.60
2026-02-15 01:12:17,2.65
2026-02-15 01:02:16,2.77
2026-02-15 00:52:15,2.56
2026-02-15 00:42:14,2.62
2026-02-15 00:32:13,2.69
2026-02-15 00:22:12,2.60
2026-02-15 00:12:11,2.68
2026-02-15 00:02:10,2.69
2026-02-14 23:52:09,2.57
2026-02-14 23:42:08,2.64
2026-02-14 23:32:07,2.53
2026-02-14 23:22:06,2.60
2026-02-14 23:12:05,2.59
2026-02-14 23:02:04,2.56
2026-02-14 22:52:03,2.64
2026-02-14 22:42:02,2.52
2026-02-14 22:32:01,2.58
2026-02-14 22:22:00,2.58
2026-02-14 22:11:59,2.60
2026-02-14 22:01:58,2.57
2026-02-14 21:51:57,2.58
2026-02-14 21:41:56,2.58
2026-02-14 21:31:55,2.56
2026-02-14 21:21:54,2.55
2026-02-14 21:11:53,2.49
2026-02-14 21:01:52,2.57
2026-02-14 20:51:51,2.54
2026-02-14 20:41:50,2.55
2026-02-14 20:31:49,2.59
2026-02-14 20:21:48,2.51
2026-02-14 20:11:47,2.53
2026-02-14 20:01:46,2.53
2026-02-14 19:51:45,2.53
2026-02-14 19:41:44,2.56
2026-02-14 19:31:43,2.51
2026-02-14 19:21:42,2.50
2026-02-14 19:11:41,2.48
2026-02-14 19:01:40,2.50
2026-02-14 18:51:39,2.46
2026-02-14 18:41:38,2.49
2026-02-14 18:31:37,2.48
2026-02-14 18:21:36,2.48
2026-02-14 18:11:35,2.50
2026-02-14 18:01:34,2.49
2026-02-14 17:51:33,2.46
2026-02-14 17:41:32,2.50
2026-02-14 17:31:31,2.48
2026-02-14 17:21:30,2.50
2026-02-14 17:11:29,2.49
2026-02-14 17:01:28,2.49
2026-02-14 16:51:27,2.51
2026-02-14 16:41:26,2.51
2026-02-14 16:31:25,2.49
2026-02-14 16:21:24,2.52
2026-02-14 16:11:23,2.50
2026-02-14 16:01:22,2.48
2026-02-14 15:51:21,2.54
2026-02-14 15:41:20,2.54
2026-02-14 15:31:19,2.52
2026-02-14 15:21:18,2.53
2026-02-14 15:11:17,2.48
2026-02-14 15:01:16,2.54
2026-02-14 14:51:15,2.54
2026-02-14 14:41:14,2.52
2026-02-14 14:31:13,2.51
2026-02-14 14:21:12,2.56
2026-02-14 14:11:11,2.54
2026-02-14 14:01:10,2.54
2026-02-14 13:51:09,2.48
2026-02-14 13:41:08,2.52
2026-02-14 13:31:07,2.52
2026-02-14 13:21:06,2.52
2026-02-14 13:11:05,2.58
2026-02-14 13:01:04,2.57
2026-02-14 12:51:03,2.49
2026-02-14 12:41:02,2.49
2026-02-14 12:31:01,2.52
2026-02-14 12:21:00,2.48
2026-02-14 12:10:59,2.48
2026-02-14 12:00:58,2.51
2026-02-14 11:50:57,2.53
2026-02-14 11:40:56,2.48
2026-02-14 11:30:55,2.45
2026-02-14 11:20:54,2.43
2026-02-14 11:10:53,2.52
2026-02-14 11:00:52,2.50
2026-02-14 10:50:51,2.49
2026-02-14 10:40:50,2.49
2026-02-14 10:30:49,2.52
2026-02-14 10:20:48,2.56
2026-02-14 10:10:47,2.54
2026-02-14 10:00:46,2.56
2026-02-14 09:50:45,2.57
2026-02-14 09:40:44,2.52
2026-02-14 09:30:43,2.58
2026-02-14 09:20:42,2.58
2026-02-14 09:10:41,2.57
2026-02-14 09:00:40,2.52
2026-02-14 08:50:39,2.54
2026-02-14 08:40:38,2.51
2026-02-14 08:30:37,2.55
2026-02-14 08:20:36,2.53
2026-02-14 08:10:35,2.51
2026-02-14 08:00:34,2.51
2026-02-14 07:50:33,2.53
2026-02-14 07:40:32,2.55
2026-02-14 07:30:31,2.52
2026-02-14 07:20:30,2.54
2026-02-14 07:10:29,2.49
2026-02-14 07:00:28,2.53
2026-02-14 06:50:27,2.56
2026-02-14 06:40:26,2.60
2026-02-14 06:30:25,2.62
2026-02-14 06:20:24,2.62
2026-02-14 06:10:23,2.61
2026-02-14 06:00:22,2.61
2026-02-14 05:50:21,2.63
2026-02-14 05:40:20,2.64
2026-02-14 05:30:19,2.63
2026-02-14 05:20:18,2.68
2026-02-14 05:10:17,2.72
2026-02-14 05:00:16,2.82
2026-02-14 04:50:15,2.71
2026-02-14 04:40:14,2.63
2026-02-14 04:30:13,2.67
2026-02-14 04:20:12,2.70
2026-02-14 04:10:11,2.71
2026-02-14 04:00:10,2.70
2026-02-14 03:50:09,2.72
2026-02-14 03:40:08,2.75
2026-02-14 03:30:07,2.67
2026-02-14 03:20:06,2.67
2026-02-14 03:10:05,2.85
2026-02-14 03:00:04,2.68
2026-02-14 02:50:03,2.83
2026-02-14 02:40:02,2.64
2026-02-14 02:30:01,2.81
2026-02-14 02:20:00,2.77
2026-02-14 02:09:59,2.72
2026-02-14 01:59:58,2.76
2026-02-14 01:49:57,2.64
2026-02-14 01:39:56,2.71
2026-02-14 01:29:55,2.78
2026-02-14 01:19:54,2.75
2026-02-14 01:09:53,2.72
2026-02-14 00:59:52,2.76
2026-02-14 00:49:51,2.67
2026-02-14 00:39:50,2.74
2026-02-14 00:29:49,2.69
2026-02-14 00:19:48,2.62
2026-02-14 00:09:47,2.53
